end_state,end_state_fa,weighted_design_share,weighted_design_percent,contribution_by_intent,interpretation
escalation_spiral,مارپیچ تشدید,0.008480208333333334,0.848,probe:0.000pp | intelligence_collection:0.020pp | coercion:0.828pp | alliance_fracture:0.000pp | benign_ambiguous:0.000pp,سهم طراحی وزن‌دار؛ نه احتمال تجربی دنیای واقعی
intelligence_failure,شکست اطلاعاتی,0.025,2.500,probe:0.000pp | intelligence_collection:0.000pp | coercion:0.000pp | alliance_fracture:0.000pp | benign_ambiguous:2.500pp,سهم طراحی وزن‌دار؛ نه احتمال تجربی دنیای واقعی
coalition_fracture,شکاف ائتلافی,0.0026349999999999998,0.263,probe:0.084pp | intelligence_collection:0.075pp | coercion:0.037pp | alliance_fracture:0.067pp | benign_ambiguous:0.000pp,سهم طراحی وزن‌دار؛ نه احتمال تجربی دنیای واقعی
negotiated_deescalation,کاهش تنش مذاکره‌شده,0.3087551851851852,30.876,probe:13.952pp | intelligence_collection:11.622pp | coercion:0.367pp | alliance_fracture:0.000pp | benign_ambiguous:4.935pp,سهم طراحی وزن‌دار؛ نه احتمال تجربی دنیای واقعی
calm_crisis_control,مهار آرام بحران,0.0026389583333333334,0.264,probe:0.000pp | intelligence_collection:0.000pp | coercion:0.143pp | alliance_fracture:0.000pp | benign_ambiguous:0.121pp,سهم طراحی وزن‌دار؛ نه احتمال تجربی دنیای واقعی
costly_deterrence,بازدارندگی پرهزینه,0.003361388888888889,0.336,probe:0.000pp | intelligence_collection:0.000pp | coercion:0.285pp | alliance_fracture:0.000pp | benign_ambiguous:0.051pp,سهم طراحی وزن‌دار؛ نه احتمال تجربی دنیای واقعی
persistent_ambiguity,ابهام پایدار,0.43310332175925914,43.310,probe:13.564pp | intelligence_collection:9.953pp | coercion:10.513pp | alliance_fracture:6.894pp | benign_ambiguous:2.387pp,سهم طراحی وزن‌دار؛ نه احتمال تجربی دنیای واقعی
strategic_information_opportunity,فرصت اطلاعاتی راهبردی,0.17230885416666664,17.231,probe:1.876pp | intelligence_collection:2.222pp | coercion:5.250pp | alliance_fracture:7.877pp | benign_ambiguous:0.006pp,سهم طراحی وزن‌دار؛ نه احتمال تجربی دنیای واقعی
mixed_crisis_containment,مهار نسبی بحران,0.04371708333333334,4.372,probe:0.524pp | intelligence_collection:1.108pp | coercion:2.577pp | alliance_fracture:0.162pp | benign_ambiguous:0.000pp,سهم طراحی وزن‌دار؛ نه احتمال تجربی دنیای واقعی
