world,end_state,end_state_fa,count,world_total_paths,share,percent
0,escalation_spiral,مارپیچ تشدید,60765,8352000,0.007275502873563219,0.728
0,intelligence_failure,شکست اطلاعاتی,648000,8352000,0.07758620689655173,7.759
0,coalition_fracture,شکاف ائتلافی,17484,8352000,0.002093390804597701,0.209
0,negotiated_deescalation,کاهش تنش مذاکره‌شده,2644704,8352000,0.3166551724137931,31.666
0,calm_crisis_control,مهار آرام بحران,41601,8352000,0.0049809626436781605,0.498
0,costly_deterrence,بازدارندگی پرهزینه,33822,8352000,0.004049568965517242,0.405
0,persistent_ambiguity,ابهام پایدار,3261705,8352000,0.3905298132183908,39.053
0,strategic_information_opportunity,فرصت اطلاعاتی راهبردی,1353813,8352000,0.1620944683908046,16.209
0,mixed_crisis_containment,مهار نسبی بحران,290106,8352000,0.03473491379310345,3.473
1,escalation_spiral,مارپیچ تشدید,78177,8352000,0.009360272988505747,0.936
1,intelligence_failure,شکست اطلاعاتی,358800,8352000,0.04295977011494253,4.296
1,coalition_fracture,شکاف ائتلافی,23436,8352000,0.0028060344827586206,0.281
1,negotiated_deescalation,کاهش تنش مذاکره‌شده,2979648,8352000,0.3567586206896552,35.676
1,calm_crisis_control,مهار آرام بحران,53913,8352000,0.006455100574712644,0.646
1,costly_deterrence,بازدارندگی پرهزینه,41811,8352000,0.00500610632183908,0.501
1,persistent_ambiguity,ابهام پایدار,3176244,8352000,0.38029741379310344,38.030
1,strategic_information_opportunity,فرصت اطلاعاتی راهبردی,1326690,8352000,0.1588469827586207,15.885
1,mixed_crisis_containment,مهار نسبی بحران,313281,8352000,0.03750969827586207,3.751
2,escalation_spiral,مارپیچ تشدید,26157,8352000,0.003131824712643678,0.313
2,intelligence_failure,شکست اطلاعاتی,1073040,8352000,0.12847701149425286,12.848
2,coalition_fracture,شکاف ائتلافی,17460,8352000,0.0020905172413793103,0.209
2,negotiated_deescalation,کاهش تنش مذاکره‌شده,2739180,8352000,0.32796695402298853,32.797
2,calm_crisis_control,مهار آرام بحران,50994,8352000,0.006105603448275862,0.611
2,costly_deterrence,بازدارندگی پرهزینه,32193,8352000,0.0038545258620689654,0.385
2,persistent_ambiguity,ابهام پایدار,3442275,8352000,0.41214978448275863,41.215
2,strategic_information_opportunity,فرصت اطلاعاتی راهبردی,896280,8352000,0.1073132183908046,10.731
2,mixed_crisis_containment,مهار نسبی بحران,74421,8352000,0.008910560344827586,0.891
3,escalation_spiral,مارپیچ تشدید,78735,8352000,0.009427083333333334,0.943
3,intelligence_failure,شکست اطلاعاتی,1078800,8352000,0.12916666666666668,12.917
3,coalition_fracture,شکاف ائتلافی,13068,8352000,0.0015646551724137932,0.156
3,negotiated_deescalation,کاهش تنش مذاکره‌شده,2867460,8352000,0.34332614942528733,34.333
3,calm_crisis_control,مهار آرام بحران,122658,8352000,0.014686063218390805,1.469
3,costly_deterrence,بازدارندگی پرهزینه,73089,8352000,0.008751077586206897,0.875
3,persistent_ambiguity,ابهام پایدار,3204507,8352000,0.3836813936781609,38.368
3,strategic_information_opportunity,فرصت اطلاعاتی راهبردی,803412,8352000,0.09619396551724138,9.619
3,mixed_crisis_containment,مهار نسبی بحران,110271,8352000,0.013202945402298851,1.320
4,escalation_spiral,مارپیچ تشدید,62601,8352000,0.007495330459770115,0.750
4,intelligence_failure,شکست اطلاعاتی,1006800,8352000,0.12054597701149425,12.055
4,coalition_fracture,شکاف ائتلافی,13068,8352000,0.0015646551724137932,0.156
4,negotiated_deescalation,کاهش تنش مذاکره‌شده,2913936,8352000,0.34889080459770117,34.889
4,calm_crisis_control,مهار آرام بحران,25851,8352000,0.0030951867816091955,0.310
4,costly_deterrence,بازدارندگی پرهزینه,15144,8352000,0.0018132183908045978,0.181
4,persistent_ambiguity,ابهام پایدار,3181851,8352000,0.38096875,38.097
4,strategic_information_opportunity,فرصت اطلاعاتی راهبردی,889377,8352000,0.10648670977011494,10.649
4,mixed_crisis_containment,مهار نسبی بحران,243372,8352000,0.029139367816091954,2.914
