group_type,group,count,min,max,p05,p25,p50,p75,p95,share_gte_35,percent_gte_35,share_gte_40,percent_gte_40,share_gte_45,percent_gte_45,share_gte_50,percent_gte_50,share_gte_55,percent_gte_55,share_gte_60,percent_gte_60,share_gte_70,percent_gte_70
overall,overall,8352000,8,72,14,20,32,43,60,0.43448275862068964,43.448,0.3482758620689655,34.828,0.23103448275862068,23.103,0.16206896551724137,16.207,0.13793103448275862,13.793,0.05517241379310345,5.517,0.017241379310344827,1.724
intent,probe,1440000,20,59,20,32,40,47,56,0.66,66.000,0.56,56.000,0.35,35.000,0.16,16.000,0.15,15.000,0,0.000,0,0.000
intent,intelligence_collection,1440000,18,72,18,28,38,54,69,0.6,60.000,0.45,45.000,0.32,32.000,0.31,31.000,0.25,25.000,0.16,16.000,0.05,5.000
intent,coercion,1440000,18,72,18,28,38,54,69,0.6,60.000,0.45,45.000,0.32,32.000,0.31,31.000,0.25,25.000,0.16,16.000,0.05,5.000
intent,alliance_fracture,1440000,20,59,20,32,40,47,56,0.66,66.000,0.56,56.000,0.35,35.000,0.16,16.000,0.15,15.000,0,0.000,0,0.000
intent,benign_ambiguous,2592000,8,32,8,16,20,22,29,0,0.000,0,0.000,0,0.000,0,0.000,0,0.000,0,0.000,0,0.000
incident_cause,mixed_cause,2880000,20,59,20,32,40,47,56,0.66,66.000,0.56,56.000,0.35,35.000,0.16,16.000,0.15,15.000,0,0.000,0,0.000
incident_cause,red_reversible_interference,2880000,18,72,18,28,38,54,69,0.6,60.000,0.45,45.000,0.32,32.000,0.31,31.000,0.25,25.000,0.16,16.000,0.05,5.000
incident_cause,environmental_or_external,2592000,8,32,8,16,20,22,29,0,0.000,0,0.000,0,0.000,0,0.000,0,0.000,0,0.000,0,0.000
