end_state,end_state_fa,rank,world,intent,intent_fa,signature,incident_cause,true_incident_attribution,red_final_action,mission,escalation,coalition,information_quality,system_attribution_confidence
escalation_spiral,مارپیچ تشدید,1,0,intelligence_collection,جمع‌آوری اطلاعات,1-2-4|1-4-5|1-5-4|O-,red_reversible_interference,red,deny_and_hold,80,75,33,55,30
escalation_spiral,مارپیچ تشدید,2,0,intelligence_collection,جمع‌آوری اطلاعات,1-2-4|1-4-5|2-5-4|O-,red_reversible_interference,red,deny_and_hold,80,75,33,55,30
escalation_spiral,مارپیچ تشدید,3,0,intelligence_collection,جمع‌آوری اطلاعات,1-2-4|1-4-5|3-5-4|O-,red_reversible_interference,red,deny_and_hold,80,75,33,55,30
escalation_spiral,مارپیچ تشدید,4,0,intelligence_collection,جمع‌آوری اطلاعات,1-2-4|3-4-5|1-5-4|O-,red_reversible_interference,red,deny_and_hold,81,75,36,55,42
escalation_spiral,مارپیچ تشدید,5,0,intelligence_collection,جمع‌آوری اطلاعات,1-2-4|3-4-5|2-5-4|O-,red_reversible_interference,red,deny_and_hold,81,75,36,55,42
escalation_spiral,مارپیچ تشدید,6,0,intelligence_collection,جمع‌آوری اطلاعات,1-2-4|3-4-5|3-5-4|O-,red_reversible_interference,red,deny_and_hold,81,75,36,55,42
escalation_spiral,مارپیچ تشدید,7,0,intelligence_collection,جمع‌آوری اطلاعات,1-2-4|4-4-5|1-5-4|O-,red_reversible_interference,red,deny_and_hold,81,75,33,55,26
escalation_spiral,مارپیچ تشدید,8,0,intelligence_collection,جمع‌آوری اطلاعات,1-2-4|4-4-5|2-5-4|O-,red_reversible_interference,red,deny_and_hold,81,75,33,55,26
escalation_spiral,مارپیچ تشدید,9,0,intelligence_collection,جمع‌آوری اطلاعات,1-2-4|4-4-5|3-5-4|O-,red_reversible_interference,red,deny_and_hold,81,75,33,55,26
escalation_spiral,مارپیچ تشدید,10,0,intelligence_collection,جمع‌آوری اطلاعات,1-2-4|5-4-5|1-5-4|O-,red_reversible_interference,red,deny_and_hold,83,75,33,44,20
intelligence_failure,شکست اطلاعاتی,1,0,benign_ambiguous,رفتار مبهم/غیرخصمانه,1-1-1|1-1-1|1-1-4|O1,environmental_or_external,non_red,deny_and_hold,79,5,65,61,8
intelligence_failure,شکست اطلاعاتی,2,0,benign_ambiguous,رفتار مبهم/غیرخصمانه,1-1-1|1-1-1|1-1-4|O2,environmental_or_external,non_red,deny_and_hold,79,8,65,61,8
intelligence_failure,شکست اطلاعاتی,3,0,benign_ambiguous,رفتار مبهم/غیرخصمانه,1-1-1|1-1-1|1-1-4|O3,environmental_or_external,non_red,deny_and_hold,79,10,65,61,8
intelligence_failure,شکست اطلاعاتی,4,0,benign_ambiguous,رفتار مبهم/غیرخصمانه,1-1-1|1-1-1|1-1-4|O4,environmental_or_external,non_red,deny_and_hold,79,15,65,61,8
intelligence_failure,شکست اطلاعاتی,5,0,benign_ambiguous,رفتار مبهم/غیرخصمانه,1-1-1|1-1-1|1-2-4|O1,environmental_or_external,non_red,deny_and_hold,81,14,65,54,8
intelligence_failure,شکست اطلاعاتی,6,0,benign_ambiguous,رفتار مبهم/غیرخصمانه,1-1-1|1-1-1|1-2-4|O2,environmental_or_external,non_red,deny_and_hold,81,17,65,54,8
intelligence_failure,شکست اطلاعاتی,7,0,benign_ambiguous,رفتار مبهم/غیرخصمانه,1-1-1|1-1-1|1-2-4|O3,environmental_or_external,non_red,deny_and_hold,81,19,65,54,8
intelligence_failure,شکست اطلاعاتی,8,0,benign_ambiguous,رفتار مبهم/غیرخصمانه,1-1-1|1-1-1|1-2-4|O4,environmental_or_external,non_red,deny_and_hold,81,24,65,54,8
intelligence_failure,شکست اطلاعاتی,9,0,benign_ambiguous,رفتار مبهم/غیرخصمانه,1-1-1|1-1-1|1-3-4|O1,environmental_or_external,non_red,deny_and_hold,80,14,77,54,8
intelligence_failure,شکست اطلاعاتی,10,0,benign_ambiguous,رفتار مبهم/غیرخصمانه,1-1-1|1-1-1|1-3-4|O2,environmental_or_external,non_red,deny_and_hold,80,17,77,54,8
coalition_fracture,شکاف ائتلافی,1,0,probe,آزمون آستانه‌ها,1-1-4|1-1-5|1-1-4|O-,mixed_cause,mixed,deny_and_hold,79,45,33,62,28
coalition_fracture,شکاف ائتلافی,2,0,probe,آزمون آستانه‌ها,1-1-4|1-1-5|1-2-4|O-,mixed_cause,mixed,deny_and_hold,81,54,33,55,28
coalition_fracture,شکاف ائتلافی,3,0,probe,آزمون آستانه‌ها,1-1-4|1-1-5|1-4-4|O1,mixed_cause,mixed,accept_interim_offramp,79,22,33,55,28
coalition_fracture,شکاف ائتلافی,4,0,probe,آزمون آستانه‌ها,1-1-4|1-1-5|1-4-4|O2,mixed_cause,mixed,accept_interim_offramp,79,25,33,55,28
coalition_fracture,شکاف ائتلافی,5,0,probe,آزمون آستانه‌ها,1-1-4|1-1-5|1-4-4|O3,mixed_cause,mixed,accept_interim_offramp,79,27,33,55,28
coalition_fracture,شکاف ائتلافی,6,0,probe,آزمون آستانه‌ها,1-1-4|1-1-5|1-4-4|O4,mixed_cause,mixed,accept_interim_offramp,79,32,33,55,28
coalition_fracture,شکاف ائتلافی,7,0,probe,آزمون آستانه‌ها,1-1-4|1-1-5|1-5-4|O-,mixed_cause,mixed,deny_and_hold,80,63,33,55,28
coalition_fracture,شکاف ائتلافی,8,0,probe,آزمون آستانه‌ها,1-1-4|1-1-5|2-1-4|O-,mixed_cause,mixed,deny_and_hold,79,45,33,62,28
coalition_fracture,شکاف ائتلافی,9,0,probe,آزمون آستانه‌ها,1-1-4|1-1-5|2-2-4|O-,mixed_cause,mixed,deny_and_hold,81,54,33,55,28
coalition_fracture,شکاف ائتلافی,10,0,probe,آزمون آستانه‌ها,1-1-4|1-1-5|2-4-4|O1,mixed_cause,mixed,accept_interim_offramp,79,22,33,55,28
negotiated_deescalation,کاهش تنش مذاکره‌شده,1,0,probe,آزمون آستانه‌ها,1-1-1|1-1-1|1-4-1|O1,mixed_cause,mixed,accept_interim_offramp,79,0,74,60,28
negotiated_deescalation,کاهش تنش مذاکره‌شده,2,0,probe,آزمون آستانه‌ها,1-1-1|1-1-1|1-4-1|O2,mixed_cause,mixed,accept_interim_offramp,79,0,74,60,28
negotiated_deescalation,کاهش تنش مذاکره‌شده,3,0,probe,آزمون آستانه‌ها,1-1-1|1-1-1|1-4-1|O3,mixed_cause,mixed,accept_interim_offramp,79,0,74,60,28
negotiated_deescalation,کاهش تنش مذاکره‌شده,4,0,probe,آزمون آستانه‌ها,1-1-1|1-1-1|1-4-1|O4,mixed_cause,mixed,accept_interim_offramp,79,0,74,60,28
negotiated_deescalation,کاهش تنش مذاکره‌شده,5,0,probe,آزمون آستانه‌ها,1-1-1|1-1-1|1-4-2|O1,mixed_cause,mixed,accept_interim_offramp,79,0,82,60,28
negotiated_deescalation,کاهش تنش مذاکره‌شده,6,0,probe,آزمون آستانه‌ها,1-1-1|1-1-1|1-4-2|O2,mixed_cause,mixed,accept_interim_offramp,79,0,82,60,28
negotiated_deescalation,کاهش تنش مذاکره‌شده,7,0,probe,آزمون آستانه‌ها,1-1-1|1-1-1|1-4-2|O3,mixed_cause,mixed,accept_interim_offramp,79,0,82,60,28
negotiated_deescalation,کاهش تنش مذاکره‌شده,8,0,probe,آزمون آستانه‌ها,1-1-1|1-1-1|1-4-2|O4,mixed_cause,mixed,accept_interim_offramp,79,0,82,60,28
negotiated_deescalation,کاهش تنش مذاکره‌شده,9,0,probe,آزمون آستانه‌ها,1-1-1|1-1-1|1-4-3|O1,mixed_cause,mixed,accept_interim_offramp,79,0,76,60,28
negotiated_deescalation,کاهش تنش مذاکره‌شده,10,0,probe,آزمون آستانه‌ها,1-1-1|1-1-1|1-4-3|O2,mixed_cause,mixed,accept_interim_offramp,79,0,76,60,28
calm_crisis_control,مهار آرام بحران,1,0,coercion,اعمال فشار,1-1-1|1-2-1|1-3-1|O-,red_reversible_interference,red,deescalate_and_separate,86,25,89,62,30
calm_crisis_control,مهار آرام بحران,2,0,coercion,اعمال فشار,1-1-1|1-2-1|1-3-2|O-,red_reversible_interference,red,deescalate_and_separate,86,25,97,62,30
calm_crisis_control,مهار آرام بحران,3,0,coercion,اعمال فشار,1-1-1|1-2-1|1-3-3|O-,red_reversible_interference,red,deescalate_and_separate,86,29,91,62,30
calm_crisis_control,مهار آرام بحران,4,0,coercion,اعمال فشار,1-1-1|1-2-1|2-3-1|O-,red_reversible_interference,red,deescalate_and_separate,86,25,89,62,30
calm_crisis_control,مهار آرام بحران,5,0,coercion,اعمال فشار,1-1-1|1-2-1|2-3-2|O-,red_reversible_interference,red,deescalate_and_separate,86,25,97,62,30
calm_crisis_control,مهار آرام بحران,6,0,coercion,اعمال فشار,1-1-1|1-2-1|2-3-3|O-,red_reversible_interference,red,deescalate_and_separate,86,29,91,62,30
calm_crisis_control,مهار آرام بحران,7,0,coercion,اعمال فشار,1-1-1|1-2-1|3-3-1|O-,red_reversible_interference,red,deescalate_and_separate,86,25,89,62,30
calm_crisis_control,مهار آرام بحران,8,0,coercion,اعمال فشار,1-1-1|1-2-1|3-3-2|O-,red_reversible_interference,red,deescalate_and_separate,86,25,97,62,30
calm_crisis_control,مهار آرام بحران,9,0,coercion,اعمال فشار,1-1-1|1-2-1|3-3-3|O-,red_reversible_interference,red,deescalate_and_separate,86,29,91,62,30
calm_crisis_control,مهار آرام بحران,10,0,coercion,اعمال فشار,1-1-1|1-2-2|1-3-1|O-,red_reversible_interference,red,deescalate_and_separate,86,26,89,62,30
costly_deterrence,بازدارندگی پرهزینه,1,0,coercion,اعمال فشار,1-1-1|1-2-4|1-3-3|O-,red_reversible_interference,red,deescalate_and_separate,86,34,100,62,30
costly_deterrence,بازدارندگی پرهزینه,2,0,coercion,اعمال فشار,1-1-1|1-2-4|2-3-3|O-,red_reversible_interference,red,deescalate_and_separate,86,34,100,62,30
costly_deterrence,بازدارندگی پرهزینه,3,0,coercion,اعمال فشار,1-1-1|1-2-4|3-3-3|O-,red_reversible_interference,red,deescalate_and_separate,86,34,100,62,30
costly_deterrence,بازدارندگی پرهزینه,4,0,coercion,اعمال فشار,1-1-1|1-2-5|1-3-3|O-,red_reversible_interference,red,deescalate_and_separate,86,35,91,62,30
costly_deterrence,بازدارندگی پرهزینه,5,0,coercion,اعمال فشار,1-1-1|1-2-5|2-3-3|O-,red_reversible_interference,red,deescalate_and_separate,86,35,91,62,30
costly_deterrence,بازدارندگی پرهزینه,6,0,coercion,اعمال فشار,1-1-1|1-2-5|3-3-3|O-,red_reversible_interference,red,deescalate_and_separate,86,35,91,62,30
costly_deterrence,بازدارندگی پرهزینه,7,0,coercion,اعمال فشار,1-1-1|1-5-3|1-3-3|O-,red_reversible_interference,red,deescalate_and_separate,88,32,91,62,30
costly_deterrence,بازدارندگی پرهزینه,8,0,coercion,اعمال فشار,1-1-1|1-5-3|2-3-3|O-,red_reversible_interference,red,deescalate_and_separate,88,32,91,62,30
costly_deterrence,بازدارندگی پرهزینه,9,0,coercion,اعمال فشار,1-1-1|1-5-3|3-3-3|O-,red_reversible_interference,red,deescalate_and_separate,88,32,91,62,30
costly_deterrence,بازدارندگی پرهزینه,10,0,coercion,اعمال فشار,1-1-1|1-5-4|1-3-3|O-,red_reversible_interference,red,deescalate_and_separate,88,34,100,62,30
persistent_ambiguity,ابهام پایدار,1,0,probe,آزمون آستانه‌ها,1-1-1|1-1-1|1-1-1|O-,mixed_cause,mixed,maintain_ambiguous_pressure,75,22,71,67,28
persistent_ambiguity,ابهام پایدار,2,0,probe,آزمون آستانه‌ها,1-1-1|1-1-1|1-1-2|O-,mixed_cause,mixed,maintain_ambiguous_pressure,75,22,79,67,28
persistent_ambiguity,ابهام پایدار,3,0,probe,آزمون آستانه‌ها,1-1-1|1-1-1|1-1-3|O-,mixed_cause,mixed,deny_and_hold,79,19,73,67,28
persistent_ambiguity,ابهام پایدار,4,0,probe,آزمون آستانه‌ها,1-1-1|1-1-1|1-1-4|O-,mixed_cause,mixed,deny_and_hold,79,25,65,67,28
persistent_ambiguity,ابهام پایدار,5,0,probe,آزمون آستانه‌ها,1-1-1|1-1-1|1-2-1|O-,mixed_cause,mixed,maintain_ambiguous_pressure,77,31,71,60,28
persistent_ambiguity,ابهام پایدار,6,0,probe,آزمون آستانه‌ها,1-1-1|1-1-1|1-2-2|O-,mixed_cause,mixed,maintain_ambiguous_pressure,77,31,79,60,28
persistent_ambiguity,ابهام پایدار,7,0,probe,آزمون آستانه‌ها,1-1-1|1-1-1|1-2-3|O-,mixed_cause,mixed,deny_and_hold,81,28,73,60,28
persistent_ambiguity,ابهام پایدار,8,0,probe,آزمون آستانه‌ها,1-1-1|1-1-1|1-2-4|O-,mixed_cause,mixed,deny_and_hold,81,34,65,60,28
persistent_ambiguity,ابهام پایدار,9,0,probe,آزمون آستانه‌ها,1-1-1|1-1-1|1-3-1|O-,mixed_cause,mixed,maintain_ambiguous_pressure,76,31,89,60,28
persistent_ambiguity,ابهام پایدار,10,0,probe,آزمون آستانه‌ها,1-1-1|1-1-1|1-3-2|O-,mixed_cause,mixed,maintain_ambiguous_pressure,76,31,97,60,28
strategic_information_opportunity,فرصت اطلاعاتی راهبردی,1,0,probe,آزمون آستانه‌ها,2-1-1|2-1-1|1-1-1|O-,mixed_cause,mixed,maintain_ambiguous_pressure,76,22,71,89,59
strategic_information_opportunity,فرصت اطلاعاتی راهبردی,2,0,probe,آزمون آستانه‌ها,2-1-1|2-1-1|1-1-2|O-,mixed_cause,mixed,maintain_ambiguous_pressure,76,22,79,89,59
strategic_information_opportunity,فرصت اطلاعاتی راهبردی,3,0,probe,آزمون آستانه‌ها,2-1-1|2-1-1|1-1-3|O-,mixed_cause,mixed,maintain_ambiguous_pressure,76,26,73,89,59
strategic_information_opportunity,فرصت اطلاعاتی راهبردی,4,0,probe,آزمون آستانه‌ها,2-1-1|2-1-1|1-1-4|O-,mixed_cause,mixed,deny_and_hold,80,25,77,89,59
strategic_information_opportunity,فرصت اطلاعاتی راهبردی,5,0,probe,آزمون آستانه‌ها,2-1-1|2-1-1|1-2-1|O-,mixed_cause,mixed,maintain_ambiguous_pressure,78,31,71,82,59
strategic_information_opportunity,فرصت اطلاعاتی راهبردی,6,0,probe,آزمون آستانه‌ها,2-1-1|2-1-1|1-2-2|O-,mixed_cause,mixed,maintain_ambiguous_pressure,78,31,79,82,59
strategic_information_opportunity,فرصت اطلاعاتی راهبردی,7,0,probe,آزمون آستانه‌ها,2-1-1|2-1-1|1-2-3|O-,mixed_cause,mixed,maintain_ambiguous_pressure,78,35,73,82,59
strategic_information_opportunity,فرصت اطلاعاتی راهبردی,8,0,probe,آزمون آستانه‌ها,2-1-1|2-1-1|1-2-4|O-,mixed_cause,mixed,deny_and_hold,82,34,77,82,59
strategic_information_opportunity,فرصت اطلاعاتی راهبردی,9,0,probe,آزمون آستانه‌ها,2-1-1|2-1-1|1-3-1|O-,mixed_cause,mixed,maintain_ambiguous_pressure,77,31,89,82,59
strategic_information_opportunity,فرصت اطلاعاتی راهبردی,10,0,probe,آزمون آستانه‌ها,2-1-1|2-1-1|1-3-2|O-,mixed_cause,mixed,maintain_ambiguous_pressure,77,31,97,82,59
mixed_crisis_containment,مهار نسبی بحران,1,0,probe,آزمون آستانه‌ها,2-1-1|2-1-3|1-5-3|O-,mixed_cause,mixed,maintain_ambiguous_pressure,77,47,73,82,59
mixed_crisis_containment,مهار نسبی بحران,2,0,probe,آزمون آستانه‌ها,2-1-1|2-1-3|1-5-4|O-,mixed_cause,mixed,deny_and_hold,81,46,77,82,59
mixed_crisis_containment,مهار نسبی بحران,3,0,probe,آزمون آستانه‌ها,2-1-1|2-1-3|2-5-3|O-,mixed_cause,mixed,maintain_ambiguous_pressure,77,47,73,82,59
mixed_crisis_containment,مهار نسبی بحران,4,0,probe,آزمون آستانه‌ها,2-1-1|2-1-3|2-5-4|O-,mixed_cause,mixed,deny_and_hold,81,46,77,82,59
mixed_crisis_containment,مهار نسبی بحران,5,0,probe,آزمون آستانه‌ها,2-1-1|2-1-3|3-5-3|O-,mixed_cause,mixed,maintain_ambiguous_pressure,77,47,73,82,59
mixed_crisis_containment,مهار نسبی بحران,6,0,probe,آزمون آستانه‌ها,2-1-1|2-1-3|3-5-4|O-,mixed_cause,mixed,deny_and_hold,81,46,77,82,59
mixed_crisis_containment,مهار نسبی بحران,7,0,probe,آزمون آستانه‌ها,2-1-1|2-1-4|1-5-3|O-,mixed_cause,mixed,maintain_ambiguous_pressure,77,49,85,82,59
mixed_crisis_containment,مهار نسبی بحران,8,0,probe,آزمون آستانه‌ها,2-1-1|2-1-4|1-5-4|O-,mixed_cause,mixed,deny_and_hold,81,48,89,82,59
mixed_crisis_containment,مهار نسبی بحران,9,0,probe,آزمون آستانه‌ها,2-1-1|2-1-4|2-5-3|O-,mixed_cause,mixed,maintain_ambiguous_pressure,77,49,85,82,59
mixed_crisis_containment,مهار نسبی بحران,10,0,probe,آزمون آستانه‌ها,2-1-1|2-1-4|2-5-4|O-,mixed_cause,mixed,deny_and_hold,81,48,89,82,59
