end_state,end_state_fa,weighted_mass,uniform_policy_intent_weighted_share,uniform_policy_intent_weighted_percent,interpretation
escalation_spiral,مارپیچ تشدید,10836.30000000356,0.015050416665756551,1.505,وزن نیت 30/25/20/15/10 + انتخاب یکنواخت گزینه‌های بازیکن + تصحیح شاخه شرطی off-ramp؛ نه احتمال تجربی واقعی
intelligence_failure,شکست اطلاعاتی,17999.999999938096,0.02499999999839403,2.500,وزن نیت 30/25/20/15/10 + انتخاب یکنواخت گزینه‌های بازیکن + تصحیح شاخه شرطی off-ramp؛ نه احتمال تجربی واقعی
coalition_fracture,شکاف ائتلافی,2066.3999999999014,0.002869999999825368,0.287,وزن نیت 30/25/20/15/10 + انتخاب یکنواخت گزینه‌های بازیکن + تصحیح شاخه شرطی off-ramp؛ نه احتمال تجربی واقعی
negotiated_deescalation,کاهش تنش مذاکره‌شده,125365.1999921778,0.17411833331188284,17.412,وزن نیت 30/25/20/15/10 + انتخاب یکنواخت گزینه‌های بازیکن + تصحیح شاخه شرطی off-ramp؛ نه احتمال تجربی واقعی
calm_crisis_control,مهار آرام بحران,5190.900000002449,0.007209583332898394,0.721,وزن نیت 30/25/20/15/10 + انتخاب یکنواخت گزینه‌های بازیکن + تصحیح شاخه شرطی off-ramp؛ نه احتمال تجربی واقعی
costly_deterrence,بازدارندگی پرهزینه,5432.4000000033075,0.00754499999954586,0.754,وزن نیت 30/25/20/15/10 + انتخاب یکنواخت گزینه‌های بازیکن + تصحیح شاخه شرطی off-ramp؛ نه احتمال تجربی واقعی
persistent_ambiguity,ابهام پایدار,389970.0375061004,0.5416250520588755,54.163,وزن نیت 30/25/20/15/10 + انتخاب یکنواخت گزینه‌های بازیکن + تصحیح شاخه شرطی off-ramp؛ نه احتمال تجربی واقعی
strategic_information_opportunity,فرصت اطلاعاتی راهبردی,118065.90000254897,0.16398041666023694,16.398,وزن نیت 30/25/20/15/10 + انتخاب یکنواخت گزینه‌های بازیکن + تصحیح شاخه شرطی off-ramp؛ نه احتمال تجربی واقعی
mixed_crisis_containment,مهار نسبی بحران,45072.8625000291,0.06260119791290095,6.260,وزن نیت 30/25/20/15/10 + انتخاب یکنواخت گزینه‌های بازیکن + تصحیح شاخه شرطی off-ramp؛ نه احتمال تجربی واقعی
