rank,decision_field,decision_window_fa,option_id,option_fa,selected_paths,selected_share_of_all_paths,end_state,end_state_fa,paths_to_end_state,p_end_given_option,p_end_given_option_percent,overall_end_share,overall_end_percent,difference_percentage_points,lift,note
1,m3_coa,مرحله ۳ / مسیر اقدام,m3_coa_unilateral_strong,اقدام یک‌جانبه قوی‌تر,1368000,0.16379310344827586,escalation_spiral,مارپیچ تشدید,38952,0.028473684210526314,2.847,0.007275502873563219,0.728,2.120,3.9136379581389904,ارتباط در فضای شبیه‌سازی؛ تفسیر علّی مستقیم نشود
2,m1_communication,مرحله ۱ / ارتباط,m1_c_public_warning,هشدار عمومی,1670400,0.2,escalation_spiral,مارپیچ تشدید,46266,0.02769755747126437,2.770,0.007275502873563219,0.728,2.042,3.80696124413725,ارتباط در فضای شبیه‌سازی؛ تفسیر علّی مستقیم نشود
3,m3_information,مرحله ۳ / سیاست اطلاعاتی,m3_info_public_attribution,انتساب عمومی,2088000,0.25,escalation_spiral,مارپیچ تشدید,34347,0.01644971264367816,1.645,0.007275502873563219,0.728,0.917,2.260972599358183,ارتباط در فضای شبیه‌سازی؛ تفسیر علّی مستقیم نشود
4,m1_protection,مرحله ۱ / حفاظت,m1_p_mission_reposition,بازآرایی محسوس مأموریت,2088000,0.25,escalation_spiral,مارپیچ تشدید,32877,0.015745689655172413,1.575,0.007275502873563219,0.728,0.847,2.1642063687978275,ارتباط در فضای شبیه‌سازی؛ تفسیر علّی مستقیم نشود
5,m2_response,مرحله ۲ / پاسخ,m2_r_joint_allied_response,پاسخ مشترک با متحدان,960000,0.11494252873563218,escalation_spiral,مارپیچ تشدید,13407,0.013965625,1.397,0.007275502873563219,0.728,0.669,1.9195408541100962,ارتباط در فضای شبیه‌سازی؛ تفسیر علّی مستقیم نشود
6,m2_response,مرحله ۲ / پاسخ,m2_r_request_defensive_authority,درخواست اختیار دفاعی,1248000,0.14942528735632185,escalation_spiral,مارپیچ تشدید,15480,0.012403846153846154,1.240,0.007275502873563219,0.728,0.513,1.70487818772193,ارتباط در فضای شبیه‌سازی؛ تفسیر علّی مستقیم نشود
7,m2_mission,مرحله ۲ / تداوم مأموریت,m2_m_protective_reconfiguration,بازآرایی حفاظتی,1670400,0.2,escalation_spiral,مارپیچ تشدید,18441,0.011039870689655172,1.104,0.007275502873563219,0.728,0.376,1.517403110343125,ارتباط در فضای شبیه‌سازی؛ تفسیر علّی مستقیم نشود
8,m2_response,مرحله ۲ / پاسخ,m2_r_private_warning,هشدار خصوصی,1248000,0.14942528735632185,escalation_spiral,مارپیچ تشدید,10230,0.008197115384615384,0.820,0.007275502873563219,0.728,0.092,1.126673375994531,ارتباط در فضای شبیه‌سازی؛ تفسیر علّی مستقیم نشود
9,m3_coa,مرحله ۳ / مسیر اقدام,m3_coa_controlled_deterrence,بازدارندگی کنترل‌شده,1368000,0.16379310344827586,escalation_spiral,مارپیچ تشدید,11025,0.00805921052631579,0.806,0.007275502873563219,0.728,0.078,1.1077186919409112,ارتباط در فضای شبیه‌سازی؛ تفسیر علّی مستقیم نشود
10,m1_protection,مرحله ۱ / حفاظت,m1_p_visible_protection,حفاظت آشکار و برگشت‌پذیر,2088000,0.25,escalation_spiral,مارپیچ تشدید,16404,0.007856321839080459,0.786,0.007275502873563219,0.728,0.058,1.079832140212293,ارتباط در فضای شبیه‌سازی؛ تفسیر علّی مستقیم نشود
1,m3_information,مرحله ۳ / سیاست اطلاعاتی,m3_info_public_attribution,انتساب عمومی,2088000,0.25,intelligence_failure,شکست اطلاعاتی,648000,0.3103448275862069,31.034,0.07758620689655173,7.759,23.276,4,ارتباط در فضای شبیه‌سازی؛ تفسیر علّی مستقیم نشود
2,m3_offramp,مرحله ۳ / مسیر کاهش تنش,accept_as_interim,پذیرش موقت,1584000,0.1896551724137931,intelligence_failure,شکست اطلاعاتی,156000,0.09848484848484848,9.848,0.07758620689655173,7.759,2.090,1.2693602693602692,ارتباط در فضای شبیه‌سازی؛ تفسیر علّی مستقیم نشود
3,m3_offramp,مرحله ۳ / مسیر کاهش تنش,renegotiate_terms,مذاکره مجدد شروط,1584000,0.1896551724137931,intelligence_failure,شکست اطلاعاتی,156000,0.09848484848484848,9.848,0.07758620689655173,7.759,2.090,1.2693602693602692,ارتباط در فضای شبیه‌سازی؛ تفسیر علّی مستقیم نشود
4,m3_offramp,مرحله ۳ / مسیر کاهش تنش,keep_channel_open_no_commitment,باز نگه‌داشتن کانال بدون تعهد,1584000,0.1896551724137931,intelligence_failure,شکست اطلاعاتی,156000,0.09848484848484848,9.848,0.07758620689655173,7.759,2.090,1.2693602693602692,ارتباط در فضای شبیه‌سازی؛ تفسیر علّی مستقیم نشود
5,m3_offramp,مرحله ۳ / مسیر کاهش تنش,reject,رد مسیر کاهش تنش,1584000,0.1896551724137931,intelligence_failure,شکست اطلاعاتی,156000,0.09848484848484848,9.848,0.07758620689655173,7.759,2.090,1.2693602693602692,ارتباط در فضای شبیه‌سازی؛ تفسیر علّی مستقیم نشود
6,m2_response,مرحله ۲ / پاسخ,m2_r_no_counteraction,عدم اقدام متقابل,1248000,0.14942528735632185,intelligence_failure,شکست اطلاعاتی,120000,0.09615384615384616,9.615,0.07758620689655173,7.759,1.857,1.2393162393162394,ارتباط در فضای شبیه‌سازی؛ تفسیر علّی مستقیم نشود
7,m2_response,مرحله ۲ / پاسخ,m2_r_request_explanation,درخواست توضیح رسمی,1248000,0.14942528735632185,intelligence_failure,شکست اطلاعاتی,120000,0.09615384615384616,9.615,0.07758620689655173,7.759,1.857,1.2393162393162394,ارتباط در فضای شبیه‌سازی؛ تفسیر علّی مستقیم نشود
8,m2_response,مرحله ۲ / پاسخ,m2_r_private_warning,هشدار خصوصی,1248000,0.14942528735632185,intelligence_failure,شکست اطلاعاتی,120000,0.09615384615384616,9.615,0.07758620689655173,7.759,1.857,1.2393162393162394,ارتباط در فضای شبیه‌سازی؛ تفسیر علّی مستقیم نشود
9,m2_response,مرحله ۲ / پاسخ,m2_r_request_defensive_authority,درخواست اختیار دفاعی,1248000,0.14942528735632185,intelligence_failure,شکست اطلاعاتی,120000,0.09615384615384616,9.615,0.07758620689655173,7.759,1.857,1.2393162393162394,ارتباط در فضای شبیه‌سازی؛ تفسیر علّی مستقیم نشود
10,m3_coa,مرحله ۳ / مسیر اقدام,m3_coa_contain_understand,مهار و شناخت,1368000,0.16379310344827586,intelligence_failure,شکست اطلاعاتی,126000,0.09210526315789473,9.211,0.07758620689655173,7.759,1.452,1.1871345029239766,ارتباط در فضای شبیه‌سازی؛ تفسیر علّی مستقیم نشود
1,m2_response,مرحله ۲ / پاسخ,m2_r_request_defensive_authority,درخواست اختیار دفاعی,1248000,0.14942528735632185,coalition_fracture,شکاف ائتلافی,13992,0.011211538461538462,1.121,0.002093390804597701,0.209,0.912,5.355683438044454,ارتباط در فضای شبیه‌سازی؛ تفسیر علّی مستقیم نشود
2,m1_communication,مرحله ۱ / ارتباط,m1_c_public_warning,هشدار عمومی,1670400,0.2,coalition_fracture,شکاف ائتلافی,17484,0.010466954022988506,1.047,0.002093390804597701,0.209,0.837,5,ارتباط در فضای شبیه‌سازی؛ تفسیر علّی مستقیم نشود
3,m3_information,مرحله ۳ / سیاست اطلاعاتی,m3_info_public_attribution,انتساب عمومی,2088000,0.25,coalition_fracture,شکاف ائتلافی,17484,0.008373563218390804,0.837,0.002093390804597701,0.209,0.628,4,ارتباط در فضای شبیه‌سازی؛ تفسیر علّی مستقیم نشود
4,m2_mission,مرحله ۲ / تداوم مأموریت,m2_m_protective_reconfiguration,بازآرایی حفاظتی,1670400,0.2,coalition_fracture,شکاف ائتلافی,6204,0.003714080459770115,0.371,0.002093390804597701,0.209,0.162,1.774193548387097,ارتباط در فضای شبیه‌سازی؛ تفسیر علّی مستقیم نشود
5,m3_coa,مرحله ۳ / مسیر اقدام,m3_coa_negotiated_deescalation,کاهش تنش مذاکره‌شده,2880000,0.3448275862068966,coalition_fracture,شکاف ائتلافی,10536,0.0036583333333333333,0.366,0.002093390804597701,0.209,0.156,1.747563486616335,ارتباط در فضای شبیه‌سازی؛ تفسیر علّی مستقیم نشود
6,m2_investigation,مرحله ۲ / بررسی علت,m2_a_technical_diagnostics,عیب‌یابی فنی,1670400,0.2,coalition_fracture,شکاف ائتلافی,5832,0.0034913793103448277,0.349,0.002093390804597701,0.209,0.140,1.6678105696636927,ارتباط در فضای شبیه‌سازی؛ تفسیر علّی مستقیم نشود
7,m2_investigation,مرحله ۲ / بررسی علت,m2_a_act_with_current_data,اقدام با داده موجود,1670400,0.2,coalition_fracture,شکاف ائتلافی,5832,0.0034913793103448277,0.349,0.002093390804597701,0.209,0.140,1.6678105696636927,ارتباط در فضای شبیه‌سازی؛ تفسیر علّی مستقیم نشود
8,m1_information,مرحله ۱ / اطلاعات,m1_i_passive,پایش مستمر با ظرفیت موجود,2088000,0.25,coalition_fracture,شکاف ائتلافی,6408,0.0030689655172413794,0.307,0.002093390804597701,0.209,0.098,1.4660260809883323,ارتباط در فضای شبیه‌سازی؛ تفسیر علّی مستقیم نشود
9,m1_information,مرحله ۱ / اطلاعات,m1_i_commercial,اعتبارسنجی با داده تجاری مستقل,2088000,0.25,coalition_fracture,شکاف ائتلافی,6408,0.0030689655172413794,0.307,0.002093390804597701,0.209,0.098,1.4660260809883323,ارتباط در فضای شبیه‌سازی؛ تفسیر علّی مستقیم نشود
10,m2_investigation,مرحله ۲ / بررسی علت,m2_a_commercial_validation,اعتبارسنجی تجاری,1670400,0.2,coalition_fracture,شکاف ائتلافی,4668,0.0027945402298850575,0.279,0.002093390804597701,0.209,0.070,1.3349347975291697,ارتباط در فضای شبیه‌سازی؛ تفسیر علّی مستقیم نشود
1,m3_offramp,مرحله ۳ / مسیر کاهش تنش,accept_as_interim,پذیرش موقت,1584000,0.1896551724137931,negotiated_deescalation,کاهش تنش مذاکره‌شده,805176,0.5083181818181818,50.832,0.3166551724137931,31.666,19.166,1.6052735786482928,ارتباط در فضای شبیه‌سازی؛ تفسیر علّی مستقیم نشود
2,m3_coa,مرحله ۳ / مسیر اقدام,m3_coa_negotiated_deescalation,کاهش تنش مذاکره‌شده,2880000,0.3448275862068966,negotiated_deescalation,کاهش تنش مذاکره‌شده,1442304,0.5008,50.080,0.3166551724137931,31.666,18.414,1.5815310900577155,ارتباط در فضای شبیه‌سازی؛ تفسیر علّی مستقیم نشود
3,m3_information,مرحله ۳ / سیاست اطلاعاتی,m3_info_keep_restricted,حفظ اطلاعات در سطح محدود,2088000,0.25,negotiated_deescalation,کاهش تنش مذاکره‌شده,969600,0.46436781609195404,46.437,0.3166551724137931,31.666,14.771,1.4664779120839233,ارتباط در فضای شبیه‌سازی؛ تفسیر علّی مستقیم نشود
4,m3_information,مرحله ۳ / سیاست اطلاعاتی,m3_info_share_allies,اشتراک با متحدان,2088000,0.25,negotiated_deescalation,کاهش تنش مذاکره‌شده,969600,0.46436781609195404,46.437,0.3166551724137931,31.666,14.771,1.4664779120839233,ارتباط در فضای شبیه‌سازی؛ تفسیر علّی مستقیم نشود
5,m3_offramp,مرحله ۳ / مسیر کاهش تنش,renegotiate_terms,مذاکره مجدد شروط,1584000,0.1896551724137931,negotiated_deescalation,کاهش تنش مذاکره‌شده,613176,0.3871060606060606,38.711,0.3166551724137931,31.666,7.045,1.2224845646929934,ارتباط در فضای شبیه‌سازی؛ تفسیر علّی مستقیم نشود
6,m3_offramp,مرحله ۳ / مسیر کاهش تنش,keep_channel_open_no_commitment,باز نگه‌داشتن کانال بدون تعهد,1584000,0.1896551724137931,negotiated_deescalation,کاهش تنش مذاکره‌شده,613176,0.3871060606060606,38.711,0.3166551724137931,31.666,7.045,1.2224845646929934,ارتباط در فضای شبیه‌سازی؛ تفسیر علّی مستقیم نشود
7,m3_offramp,مرحله ۳ / مسیر کاهش تنش,reject,رد مسیر کاهش تنش,1584000,0.1896551724137931,negotiated_deescalation,کاهش تنش مذاکره‌شده,613176,0.3871060606060606,38.711,0.3166551724137931,31.666,7.045,1.2224845646929934,ارتباط در فضای شبیه‌سازی؛ تفسیر علّی مستقیم نشود
8,m2_response,مرحله ۲ / پاسخ,m2_r_no_counteraction,عدم اقدام متقابل,1248000,0.14942528735632185,negotiated_deescalation,کاهش تنش مذاکره‌شده,438000,0.35096153846153844,35.096,0.3166551724137931,31.666,3.431,1.1083398252623995,ارتباط در فضای شبیه‌سازی؛ تفسیر علّی مستقیم نشود
9,m2_response,مرحله ۲ / پاسخ,m2_r_request_explanation,درخواست توضیح رسمی,1248000,0.14942528735632185,negotiated_deescalation,کاهش تنش مذاکره‌شده,438000,0.35096153846153844,35.096,0.3166551724137931,31.666,3.431,1.1083398252623995,ارتباط در فضای شبیه‌سازی؛ تفسیر علّی مستقیم نشود
10,m2_response,مرحله ۲ / پاسخ,m2_r_private_warning,هشدار خصوصی,1248000,0.14942528735632185,negotiated_deescalation,کاهش تنش مذاکره‌شده,437184,0.3503076923076923,35.031,0.3166551724137931,31.666,3.365,1.1062749729851984,ارتباط در فضای شبیه‌سازی؛ تفسیر علّی مستقیم نشود
1,m2_response,مرحله ۲ / پاسخ,m2_r_joint_allied_response,پاسخ مشترک با متحدان,960000,0.11494252873563218,calm_crisis_control,مهار آرام بحران,32733,0.034096875,3.410,0.0049809626436781605,0.498,2.912,6.84543881156703,ارتباط در فضای شبیه‌سازی؛ تفسیر علّی مستقیم نشود
2,m3_coa,مرحله ۳ / مسیر اقدام,m3_coa_coordinated_response,پاسخ هماهنگ ائتلافی,1368000,0.16379310344827586,calm_crisis_control,مهار آرام بحران,18669,0.013646929824561404,1.365,0.0049809626436781605,0.498,0.867,2.7398177422354477,ارتباط در فضای شبیه‌سازی؛ تفسیر علّی مستقیم نشود
3,m3_information,مرحله ۳ / سیاست اطلاعاتی,m3_info_keep_restricted,حفظ اطلاعات در سطح محدود,2088000,0.25,calm_crisis_control,مهار آرام بحران,19716,0.009442528735632184,0.944,0.0049809626436781605,0.498,0.446,1.8957236604889307,ارتباط در فضای شبیه‌سازی؛ تفسیر علّی مستقیم نشود
4,m3_information,مرحله ۳ / سیاست اطلاعاتی,m3_info_share_allies,اشتراک با متحدان,2088000,0.25,calm_crisis_control,مهار آرام بحران,19716,0.009442528735632184,0.944,0.0049809626436781605,0.498,0.446,1.8957236604889307,ارتباط در فضای شبیه‌سازی؛ تفسیر علّی مستقیم نشود
5,m2_mission,مرحله ۲ / تداوم مأموریت,m2_m_activate_fallback,فعال‌سازی ظرفیت پشتیبان,1670400,0.2,calm_crisis_control,مهار آرام بحران,13749,0.00823096264367816,0.823,0.0049809626436781605,0.498,0.325,1.6524843152808828,ارتباط در فضای شبیه‌سازی؛ تفسیر علّی مستقیم نشود
6,m2_mission,مرحله ۲ / تداوم مأموریت,m2_m_split_service,تقسیم سرویس,1670400,0.2,calm_crisis_control,مهار آرام بحران,13749,0.00823096264367816,0.823,0.0049809626436781605,0.498,0.325,1.6524843152808828,ارتباط در فضای شبیه‌سازی؛ تفسیر علّی مستقیم نشود
7,m1_protection,مرحله ۱ / حفاظت,m1_p_hold,عدم تغییر وضعیت حفاظتی,2088000,0.25,calm_crisis_control,مهار آرام بحران,14643,0.007012931034482759,0.701,0.0049809626436781605,0.498,0.203,1.40794692435278,ارتباط در فضای شبیه‌سازی؛ تفسیر علّی مستقیم نشود
8,m1_protection,مرحله ۱ / حفاظت,m1_p_covert_readiness,افزایش آمادگی پنهان,2088000,0.25,calm_crisis_control,مهار آرام بحران,13770,0.0065948275862068965,0.659,0.0049809626436781605,0.498,0.161,1.3240066344559027,ارتباط در فضای شبیه‌سازی؛ تفسیر علّی مستقیم نشود
9,m3_coa,مرحله ۳ / مسیر اقدام,m3_coa_contain_understand,مهار و شناخت,1368000,0.16379310344827586,calm_crisis_control,مهار آرام بحران,8610,0.006293859649122807,0.629,0.0049809626436781605,0.498,0.131,1.2635829857328835,ارتباط در فضای شبیه‌سازی؛ تفسیر علّی مستقیم نشود
10,m3_coa,مرحله ۳ / مسیر اقدام,m3_coa_controlled_deterrence,بازدارندگی کنترل‌شده,1368000,0.16379310344827586,calm_crisis_control,مهار آرام بحران,8598,0.006285087719298246,0.629,0.0049809626436781605,0.498,0.130,1.2618218944635695,ارتباط در فضای شبیه‌سازی؛ تفسیر علّی مستقیم نشود
1,m2_response,مرحله ۲ / پاسخ,m2_r_joint_allied_response,پاسخ مشترک با متحدان,960000,0.11494252873563218,costly_deterrence,بازدارندگی پرهزینه,18231,0.018990625,1.899,0.004049568965517242,0.405,1.494,4.689542309739223,ارتباط در فضای شبیه‌سازی؛ تفسیر علّی مستقیم نشود
2,m3_coa,مرحله ۳ / مسیر اقدام,m3_coa_coordinated_response,پاسخ هماهنگ ائتلافی,1368000,0.16379310344827586,costly_deterrence,بازدارندگی پرهزینه,23619,0.017265350877192984,1.727,0.004049568965517242,0.405,1.322,4.263503356581982,ارتباط در فضای شبیه‌سازی؛ تفسیر علّی مستقیم نشود
3,m1_protection,مرحله ۱ / حفاظت,m1_p_mission_reposition,بازآرایی محسوس مأموریت,2088000,0.25,costly_deterrence,بازدارندگی پرهزینه,16875,0.008081896551724138,0.808,0.004049568965517242,0.405,0.403,1.9957424161788186,ارتباط در فضای شبیه‌سازی؛ تفسیر علّی مستقیم نشود
4,m2_mission,مرحله ۲ / تداوم مأموریت,m2_m_split_service,تقسیم سرویس,1670400,0.2,costly_deterrence,بازدارندگی پرهزینه,11697,0.007002514367816092,0.700,0.004049568965517242,0.405,0.295,1.7291999290402695,ارتباط در فضای شبیه‌سازی؛ تفسیر علّی مستقیم نشود
5,m3_information,مرحله ۳ / سیاست اطلاعاتی,m3_info_share_allies,اشتراک با متحدان,2088000,0.25,costly_deterrence,بازدارندگی پرهزینه,14553,0.006969827586206897,0.697,0.004049568965517242,0.405,0.292,1.7211282597126132,ارتباط در فضای شبیه‌سازی؛ تفسیر علّی مستقیم نشود
6,m2_mission,مرحله ۲ / تداوم مأموریت,m2_m_activate_fallback,فعال‌سازی ظرفیت پشتیبان,1670400,0.2,costly_deterrence,بازدارندگی پرهزینه,11295,0.006761853448275862,0.676,0.004049568965517242,0.405,0.271,1.6697711548696113,ارتباط در فضای شبیه‌سازی؛ تفسیر علّی مستقیم نشود
7,m1_communication,مرحله ۱ / ارتباط,m1_c_public_warning,هشدار عمومی,1670400,0.2,costly_deterrence,بازدارندگی پرهزینه,10698,0.006404454022988506,0.640,0.004049568965517242,0.405,0.235,1.581514990243037,ارتباط در فضای شبیه‌سازی؛ تفسیر علّی مستقیم نشود
8,m3_information,مرحله ۳ / سیاست اطلاعاتی,m3_info_keep_restricted,حفظ اطلاعات در سطح محدود,2088000,0.25,costly_deterrence,بازدارندگی پرهزینه,11268,0.005396551724137931,0.540,0.004049568965517242,0.405,0.135,1.332623736029803,ارتباط در فضای شبیه‌سازی؛ تفسیر علّی مستقیم نشود
9,m2_investigation,مرحله ۲ / بررسی علت,m2_a_second_sensor,اعتبارسنجی با حسگر دوم,1670400,0.2,costly_deterrence,بازدارندگی پرهزینه,8103,0.004850933908045977,0.485,0.004049568965517242,0.405,0.080,1.1978889480219974,ارتباط در فضای شبیه‌سازی؛ تفسیر علّی مستقیم نشود
10,m1_information,مرحله ۱ / اطلاعات,m1_i_dedicated_ssa,تخصیص پایش اختصاصی SSA,2088000,0.25,costly_deterrence,بازدارندگی پرهزینه,10032,0.004804597701149426,0.480,0.004049568965517242,0.405,0.076,1.1864466915025724,ارتباط در فضای شبیه‌سازی؛ تفسیر علّی مستقیم نشود
1,m3_information,مرحله ۳ / سیاست اطلاعاتی,m3_info_public_partial,انتشار عمومی جزئی,2088000,0.25,persistent_ambiguity,ابهام پایدار,1281891,0.6139324712643678,61.393,0.3905298132183908,39.053,22.340,1.5720502007385706,ارتباط در فضای شبیه‌سازی؛ تفسیر علّی مستقیم نشود
2,m2_investigation,مرحله ۲ / بررسی علت,m2_a_act_with_current_data,اقدام با داده موجود,1670400,0.2,persistent_ambiguity,ابهام پایدار,928167,0.5556555316091955,55.566,0.3905298132183908,39.053,16.513,1.422824872267725,ارتباط در فضای شبیه‌سازی؛ تفسیر علّی مستقیم نشود
3,m1_information,مرحله ۱ / اطلاعات,m1_i_passive,پایش مستمر با ظرفیت موجود,2088000,0.25,persistent_ambiguity,ابهام پایدار,1099137,0.5264066091954023,52.641,0.3905298132183908,39.053,13.588,1.3479293804927177,ارتباط در فضای شبیه‌سازی؛ تفسیر علّی مستقیم نشود
4,m3_coa,مرحله ۳ / مسیر اقدام,m3_coa_unilateral_strong,اقدام یک‌جانبه قوی‌تر,1368000,0.16379310344827586,persistent_ambiguity,ابهام پایدار,679956,0.4970438596491228,49.704,0.3905298132183908,39.053,10.651,1.2727424202340412,ارتباط در فضای شبیه‌سازی؛ تفسیر علّی مستقیم نشود
5,m3_coa,مرحله ۳ / مسیر اقدام,m3_coa_controlled_deterrence,بازدارندگی کنترل‌شده,1368000,0.16379310344827586,persistent_ambiguity,ابهام پایدار,671805,0.4910855263157895,49.109,0.3905298132183908,39.053,10.056,1.2574853690905443,ارتباط در فضای شبیه‌سازی؛ تفسیر علّی مستقیم نشود
6,m3_coa,مرحله ۳ / مسیر اقدام,m3_coa_coordinated_response,پاسخ هماهنگ ائتلافی,1368000,0.16379310344827586,persistent_ambiguity,ابهام پایدار,640536,0.4682280701754386,46.823,0.3905298132183908,39.053,7.770,1.1989560190468675,ارتباط در فضای شبیه‌سازی؛ تفسیر علّی مستقیم نشود
7,m1_communication,مرحله ۱ / ارتباط,m1_c_public_warning,هشدار عمومی,1670400,0.2,persistent_ambiguity,ابهام پایدار,757023,0.45319863505747127,45.320,0.3905298132183908,39.053,6.267,1.1604712872562049,ارتباط در فضای شبیه‌سازی؛ تفسیر علّی مستقیم نشود
8,m2_investigation,مرحله ۲ / بررسی علت,m2_a_technical_diagnostics,عیب‌یابی فنی,1670400,0.2,persistent_ambiguity,ابهام پایدار,734895,0.43995150862068966,43.995,0.3905298132183908,39.053,4.942,1.1265503777932093,ارتباط در فضای شبیه‌سازی؛ تفسیر علّی مستقیم نشود
9,m2_investigation,مرحله ۲ / بررسی علت,m2_a_commercial_validation,اعتبارسنجی تجاری,1670400,0.2,persistent_ambiguity,ابهام پایدار,732933,0.4387769396551724,43.878,0.3905298132183908,39.053,4.825,1.1235427483478733,ارتباط در فضای شبیه‌سازی؛ تفسیر علّی مستقیم نشود
10,m2_response,مرحله ۲ / پاسخ,m2_r_deconfliction_offer,پیشنهاد رفع اصطکاک/فاصله‌گذاری,2400000,0.28735632183908044,persistent_ambiguity,ابهام پایدار,1026180,0.427575,42.758,0.3905298132183908,39.053,3.705,1.094858793177188,ارتباط در فضای شبیه‌سازی؛ تفسیر علّی مستقیم نشود
1,m2_investigation,مرحله ۲ / بررسی علت,m2_a_second_sensor,اعتبارسنجی با حسگر دوم,1670400,0.2,strategic_information_opportunity,فرصت اطلاعاتی راهبردی,509193,0.30483297413793103,30.483,0.1620944683908046,16.209,14.274,1.8805883825905054,ارتباط در فضای شبیه‌سازی؛ تفسیر علّی مستقیم نشود
2,m3_coa,مرحله ۳ / مسیر اقدام,m3_coa_contain_understand,مهار و شناخت,1368000,0.16379310344827586,strategic_information_opportunity,فرصت اطلاعاتی راهبردی,319326,0.23342543859649123,23.343,0.1620944683908046,16.209,7.133,1.4400580162532748,ارتباط در فضای شبیه‌سازی؛ تفسیر علّی مستقیم نشود
3,m2_response,مرحله ۲ / پاسخ,m2_r_deconfliction_offer,پیشنهاد رفع اصطکاک/فاصله‌گذاری,2400000,0.28735632183908044,strategic_information_opportunity,فرصت اطلاعاتی راهبردی,514272,0.21428,21.428,0.1620944683908046,16.209,5.219,1.3219451726346252,ارتباط در فضای شبیه‌سازی؛ تفسیر علّی مستقیم نشود
4,m1_information,مرحله ۱ / اطلاعات,m1_i_allied_network,فعال‌سازی شبکه اطلاعاتی متحدان,2088000,0.25,strategic_information_opportunity,فرصت اطلاعاتی راهبردی,445164,0.21320114942528737,21.320,0.1620944683908046,16.209,5.111,1.3152894823731196,ارتباط در فضای شبیه‌سازی؛ تفسیر علّی مستقیم نشود
5,m1_information,مرحله ۱ / اطلاعات,m1_i_dedicated_ssa,تخصیص پایش اختصاصی SSA,2088000,0.25,strategic_information_opportunity,فرصت اطلاعاتی راهبردی,423354,0.2027557471264368,20.276,0.1620944683908046,16.209,4.066,1.250849267956505,ارتباط در فضای شبیه‌سازی؛ تفسیر علّی مستقیم نشود
6,m1_communication,مرحله ۱ / ارتباط,m1_c_private_allied,تماس خصوصی همراه هماهنگی محدود متحدان,1670400,0.2,strategic_information_opportunity,فرصت اطلاعاتی راهبردی,329124,0.1970330459770115,19.703,0.1620944683908046,16.209,3.494,1.2155445397554905,ارتباط در فضای شبیه‌سازی؛ تفسیر علّی مستقیم نشود
7,m1_information,مرحله ۱ / اطلاعات,m1_i_commercial,اعتبارسنجی با داده تجاری مستقل,2088000,0.25,strategic_information_opportunity,فرصت اطلاعاتی راهبردی,408864,0.195816091954023,19.582,0.1620944683908046,16.209,3.372,1.2080368559025507,ارتباط در فضای شبیه‌سازی؛ تفسیر علّی مستقیم نشود
8,m1_communication,مرحله ۱ / ارتباط,m1_c_private,تنش‌زدایی خصوصی,1670400,0.2,strategic_information_opportunity,فرصت اطلاعاتی راهبردی,326946,0.19572916666666668,19.573,0.1620944683908046,16.209,3.363,1.207500592770198,ارتباط در فضای شبیه‌سازی؛ تفسیر علّی مستقیم نشود
9,m3_coa,مرحله ۳ / مسیر اقدام,m3_coa_negotiated_deescalation,کاهش تنش مذاکره‌شده,2880000,0.3448275862068966,strategic_information_opportunity,فرصت اطلاعاتی راهبردی,551499,0.19149270833333334,19.149,0.1620944683908046,16.209,2.940,1.1813648561507388,ارتباط در فضای شبیه‌سازی؛ تفسیر علّی مستقیم نشود
10,m2_investigation,مرحله ۲ / بررسی علت,m2_a_ally_intel,درخواست اطلاعات متحد,1670400,0.2,strategic_information_opportunity,فرصت اطلاعاتی راهبردی,310725,0.18601831896551724,18.602,0.1620944683908046,16.209,2.392,1.1475920234183008,ارتباط در فضای شبیه‌سازی؛ تفسیر علّی مستقیم نشود
1,m2_investigation,مرحله ۲ / بررسی علت,m2_a_second_sensor,اعتبارسنجی با حسگر دوم,1670400,0.2,mixed_crisis_containment,مهار نسبی بحران,247452,0.14813936781609197,14.814,0.03473491379310345,3.473,11.340,4.264854915099998,ارتباط در فضای شبیه‌سازی؛ تفسیر علّی مستقیم نشود
2,m3_coa,مرحله ۳ / مسیر اقدام,m3_coa_unilateral_strong,اقدام یک‌جانبه قوی‌تر,1368000,0.16379310344827586,mixed_crisis_containment,مهار نسبی بحران,97689,0.07141008771929824,7.141,0.03473491379310345,3.473,3.668,2.055859074378258,ارتباط در فضای شبیه‌سازی؛ تفسیر علّی مستقیم نشود
3,m1_communication,مرحله ۱ / ارتباط,m1_c_public_warning,هشدار عمومی,1670400,0.2,mixed_crisis_containment,مهار نسبی بحران,85104,0.050948275862068966,5.095,0.03473491379310345,3.473,1.621,1.4667742135633182,ارتباط در فضای شبیه‌سازی؛ تفسیر علّی مستقیم نشود
4,m2_response,مرحله ۲ / پاسخ,m2_r_joint_allied_response,پاسخ مشترک با متحدان,960000,0.11494252873563218,mixed_crisis_containment,مهار نسبی بحران,47895,0.049890625,4.989,0.03473491379310345,3.473,1.516,1.4363249984488429,ارتباط در فضای شبیه‌سازی؛ تفسیر علّی مستقیم نشود
5,m1_protection,مرحله ۱ / حفاظت,m1_p_mission_reposition,بازآرایی محسوس مأموریت,2088000,0.25,mixed_crisis_containment,مهار نسبی بحران,103335,0.049489942528735634,4.949,0.03473491379310345,3.473,1.476,1.4247895596781865,ارتباط در فضای شبیه‌سازی؛ تفسیر علّی مستقیم نشود
6,m3_information,مرحله ۳ / سیاست اطلاعاتی,m3_info_public_attribution,انتساب عمومی,2088000,0.25,mixed_crisis_containment,مهار نسبی بحران,102717,0.04919396551724138,4.919,0.03473491379310345,3.473,1.446,1.4162685363281007,ارتباط در فضای شبیه‌سازی؛ تفسیر علّی مستقیم نشود
7,m3_coa,مرحله ۳ / مسیر اقدام,m3_coa_controlled_deterrence,بازدارندگی کنترل‌شده,1368000,0.16379310344827586,mixed_crisis_containment,مهار نسبی بحران,65850,0.0481359649122807,4.814,0.03473491379310345,3.473,1.340,1.385809252298706,ارتباط در فضای شبیه‌سازی؛ تفسیر علّی مستقیم نشود
8,m1_information,مرحله ۱ / اطلاعات,m1_i_allied_network,فعال‌سازی شبکه اطلاعاتی متحدان,2088000,0.25,mixed_crisis_containment,مهار نسبی بحران,97992,0.04693103448275862,4.693,0.03473491379310345,3.473,1.220,1.351119935471862,ارتباط در فضای شبیه‌سازی؛ تفسیر علّی مستقیم نشود
9,m2_mission,مرحله ۲ / تداوم مأموریت,m2_m_protective_reconfiguration,بازآرایی حفاظتی,1670400,0.2,mixed_crisis_containment,مهار نسبی بحران,69435,0.04156788793103448,4.157,0.03473491379310345,3.473,0.683,1.1967177514425762,ارتباط در فضای شبیه‌سازی؛ تفسیر علّی مستقیم نشود
10,m2_response,مرحله ۲ / پاسخ,m2_r_request_defensive_authority,درخواست اختیار دفاعی,1248000,0.14942528735632185,mixed_crisis_containment,مهار نسبی بحران,50112,0.04015384615384615,4.015,0.03473491379310345,3.473,0.542,1.156008228292152,ارتباط در فضای شبیه‌سازی؛ تفسیر علّی مستقیم نشود
