end_state,end_state_fa,prefix_type,rank,route_prefix,paths_to_end_state,all_paths_with_prefix,p_end_given_prefix,p_end_given_prefix_percent
escalation_spiral,مارپیچ تشدید,M1,1,3-4-4,5550,104400,0.05316091954022988,5.316
escalation_spiral,مارپیچ تشدید,M1,2,1-4-4,5547,104400,0.05313218390804598,5.313
escalation_spiral,مارپیچ تشدید,M1,3,4-4-4,5544,104400,0.05310344827586207,5.310
escalation_spiral,مارپیچ تشدید,M1,4,2-4-4,5499,104400,0.052672413793103445,5.267
escalation_spiral,مارپیچ تشدید,M1,5,1-3-4,3237,104400,0.03100574712643678,3.101
escalation_spiral,مارپیچ تشدید,M1,6,3-3-4,3237,104400,0.03100574712643678,3.101
escalation_spiral,مارپیچ تشدید,M1,7,4-3-4,3237,104400,0.03100574712643678,3.101
escalation_spiral,مارپیچ تشدید,M1,8,2-3-4,3231,104400,0.030948275862068966,3.095
escalation_spiral,مارپیچ تشدید,M1,9,1-2-4,1569,104400,0.015028735632183907,1.503
escalation_spiral,مارپیچ تشدید,M1,10,2-2-4,1569,104400,0.015028735632183907,1.503
escalation_spiral,مارپیچ تشدید,M1+M2,1,1-4-4|1-4-6,69,1200,0.0575,5.750
escalation_spiral,مارپیچ تشدید,M1+M2,2,1-4-4|3-4-6,69,1200,0.0575,5.750
escalation_spiral,مارپیچ تشدید,M1+M2,3,1-4-4|4-4-6,69,1200,0.0575,5.750
escalation_spiral,مارپیچ تشدید,M1+M2,4,1-4-4|5-4-6,69,1200,0.0575,5.750
escalation_spiral,مارپیچ تشدید,M1+M2,5,2-4-4|1-4-6,69,1200,0.0575,5.750
escalation_spiral,مارپیچ تشدید,M1+M2,6,2-4-4|3-4-6,69,1200,0.0575,5.750
escalation_spiral,مارپیچ تشدید,M1+M2,7,2-4-4|4-4-6,69,1200,0.0575,5.750
escalation_spiral,مارپیچ تشدید,M1+M2,8,2-4-4|5-4-6,69,1200,0.0575,5.750
escalation_spiral,مارپیچ تشدید,M1+M2,9,3-4-4|1-4-6,69,1200,0.0575,5.750
escalation_spiral,مارپیچ تشدید,M1+M2,10,3-4-4|3-4-6,69,1200,0.0575,5.750
intelligence_failure,شکست اطلاعاتی,M1,1,1-1-1,8100,104400,0.07758620689655173,7.759
intelligence_failure,شکست اطلاعاتی,M1,2,1-1-2,8100,104400,0.07758620689655173,7.759
intelligence_failure,شکست اطلاعاتی,M1,3,1-1-3,8100,104400,0.07758620689655173,7.759
intelligence_failure,شکست اطلاعاتی,M1,4,1-1-4,8100,104400,0.07758620689655173,7.759
intelligence_failure,شکست اطلاعاتی,M1,5,1-1-5,8100,104400,0.07758620689655173,7.759
intelligence_failure,شکست اطلاعاتی,M1,6,1-2-1,8100,104400,0.07758620689655173,7.759
intelligence_failure,شکست اطلاعاتی,M1,7,1-2-2,8100,104400,0.07758620689655173,7.759
intelligence_failure,شکست اطلاعاتی,M1,8,1-2-3,8100,104400,0.07758620689655173,7.759
intelligence_failure,شکست اطلاعاتی,M1,9,1-2-4,8100,104400,0.07758620689655173,7.759
intelligence_failure,شکست اطلاعاتی,M1,10,1-2-5,8100,104400,0.07758620689655173,7.759
intelligence_failure,شکست اطلاعاتی,M1+M2,1,1-1-1|1-1-1,60,624,0.09615384615384616,9.615
intelligence_failure,شکست اطلاعاتی,M1+M2,2,1-1-1|1-1-2,60,624,0.09615384615384616,9.615
intelligence_failure,شکست اطلاعاتی,M1+M2,3,1-1-1|1-1-3,60,624,0.09615384615384616,9.615
intelligence_failure,شکست اطلاعاتی,M1+M2,4,1-1-1|1-1-5,60,624,0.09615384615384616,9.615
intelligence_failure,شکست اطلاعاتی,M1+M2,5,1-1-1|1-1-6,60,1200,0.05,5.000
intelligence_failure,شکست اطلاعاتی,M1+M2,6,1-1-1|1-2-1,60,624,0.09615384615384616,9.615
intelligence_failure,شکست اطلاعاتی,M1+M2,7,1-1-1|1-2-2,60,624,0.09615384615384616,9.615
intelligence_failure,شکست اطلاعاتی,M1+M2,8,1-1-1|1-2-3,60,624,0.09615384615384616,9.615
intelligence_failure,شکست اطلاعاتی,M1+M2,9,1-1-1|1-2-5,60,624,0.09615384615384616,9.615
intelligence_failure,شکست اطلاعاتی,M1+M2,10,1-1-1|1-2-6,60,1200,0.05,5.000
coalition_fracture,شکاف ائتلافی,M1,1,1-1-4,1665,104400,0.015948275862068966,1.595
coalition_fracture,شکاف ائتلافی,M1,2,3-1-4,1665,104400,0.015948275862068966,1.595
coalition_fracture,شکاف ائتلافی,M1,3,1-2-4,1656,104400,0.015862068965517243,1.586
coalition_fracture,شکاف ائتلافی,M1,4,3-2-4,1656,104400,0.015862068965517243,1.586
coalition_fracture,شکاف ائتلافی,M1,5,1-3-4,1593,104400,0.015258620689655172,1.526
coalition_fracture,شکاف ائتلافی,M1,6,3-3-4,1593,104400,0.015258620689655172,1.526
coalition_fracture,شکاف ائتلافی,M1,7,1-4-4,1494,104400,0.014310344827586207,1.431
coalition_fracture,شکاف ائتلافی,M1,8,3-4-4,1494,104400,0.014310344827586207,1.431
coalition_fracture,شکاف ائتلافی,M1,9,2-1-4,1230,104400,0.011781609195402299,1.178
coalition_fracture,شکاف ائتلافی,M1,10,2-2-4,1221,104400,0.011695402298850575,1.170
coalition_fracture,شکاف ائتلافی,M1+M2,1,1-1-4|1-1-5,81,624,0.12980769230769232,12.981
coalition_fracture,شکاف ائتلافی,M1+M2,2,1-1-4|1-2-5,81,624,0.12980769230769232,12.981
coalition_fracture,شکاف ائتلافی,M1+M2,3,1-1-4|1-3-5,81,624,0.12980769230769232,12.981
coalition_fracture,شکاف ائتلافی,M1+M2,4,1-1-4|1-4-3,81,624,0.12980769230769232,12.981
coalition_fracture,شکاف ائتلافی,M1+M2,5,1-1-4|1-4-5,81,624,0.12980769230769232,12.981
coalition_fracture,شکاف ائتلافی,M1+M2,6,1-1-4|1-5-5,81,624,0.12980769230769232,12.981
coalition_fracture,شکاف ائتلافی,M1+M2,7,1-1-4|4-1-5,81,624,0.12980769230769232,12.981
coalition_fracture,شکاف ائتلافی,M1+M2,8,1-1-4|4-2-5,81,624,0.12980769230769232,12.981
coalition_fracture,شکاف ائتلافی,M1+M2,9,1-1-4|4-3-5,81,624,0.12980769230769232,12.981
coalition_fracture,شکاف ائتلافی,M1+M2,10,1-1-4|4-4-3,81,624,0.12980769230769232,12.981
negotiated_deescalation,کاهش تنش مذاکره‌شده,M1,1,2-1-1,34344,104400,0.3289655172413793,32.897
negotiated_deescalation,کاهش تنش مذاکره‌شده,M1,2,2-1-2,34344,104400,0.3289655172413793,32.897
negotiated_deescalation,کاهش تنش مذاکره‌شده,M1,3,2-1-3,34344,104400,0.3289655172413793,32.897
negotiated_deescalation,کاهش تنش مذاکره‌شده,M1,4,2-1-5,34344,104400,0.3289655172413793,32.897
negotiated_deescalation,کاهش تنش مذاکره‌شده,M1,5,2-2-1,34344,104400,0.3289655172413793,32.897
negotiated_deescalation,کاهش تنش مذاکره‌شده,M1,6,2-2-2,34344,104400,0.3289655172413793,32.897
negotiated_deescalation,کاهش تنش مذاکره‌شده,M1,7,2-2-3,34344,104400,0.3289655172413793,32.897
negotiated_deescalation,کاهش تنش مذاکره‌شده,M1,8,2-2-5,34344,104400,0.3289655172413793,32.897
negotiated_deescalation,کاهش تنش مذاکره‌شده,M1,9,2-3-1,34344,104400,0.3289655172413793,32.897
negotiated_deescalation,کاهش تنش مذاکره‌شده,M1,10,2-3-2,34344,104400,0.3289655172413793,32.897
negotiated_deescalation,کاهش تنش مذاکره‌شده,M1+M2,1,2-1-1|5-2-6,408,1200,0.34,34.000
negotiated_deescalation,کاهش تنش مذاکره‌شده,M1+M2,2,2-1-1|5-5-6,408,1200,0.34,34.000
negotiated_deescalation,کاهش تنش مذاکره‌شده,M1+M2,3,2-1-2|5-2-6,408,1200,0.34,34.000
negotiated_deescalation,کاهش تنش مذاکره‌شده,M1+M2,4,2-1-2|5-5-6,408,1200,0.34,34.000
negotiated_deescalation,کاهش تنش مذاکره‌شده,M1+M2,5,2-1-3|5-2-6,408,1200,0.34,34.000
negotiated_deescalation,کاهش تنش مذاکره‌شده,M1+M2,6,2-1-3|5-5-6,408,1200,0.34,34.000
negotiated_deescalation,کاهش تنش مذاکره‌شده,M1+M2,7,2-1-4|5-2-6,408,1200,0.34,34.000
negotiated_deescalation,کاهش تنش مذاکره‌شده,M1+M2,8,2-1-4|5-5-6,408,1200,0.34,34.000
negotiated_deescalation,کاهش تنش مذاکره‌شده,M1+M2,9,2-1-5|5-2-6,408,1200,0.34,34.000
negotiated_deescalation,کاهش تنش مذاکره‌شده,M1+M2,10,2-1-5|5-5-6,408,1200,0.34,34.000
calm_crisis_control,مهار آرام بحران,M1,1,2-1-2,927,104400,0.008879310344827586,0.888
calm_crisis_control,مهار آرام بحران,M1,2,2-1-5,927,104400,0.008879310344827586,0.888
calm_crisis_control,مهار آرام بحران,M1,3,2-2-2,918,104400,0.008793103448275863,0.879
calm_crisis_control,مهار آرام بحران,M1,4,2-2-5,888,104400,0.008505747126436782,0.851
calm_crisis_control,مهار آرام بحران,M1,5,4-1-2,858,104400,0.008218390804597702,0.822
calm_crisis_control,مهار آرام بحران,M1,6,4-1-5,858,104400,0.008218390804597702,0.822
calm_crisis_control,مهار آرام بحران,M1,7,4-2-2,852,104400,0.008160919540229884,0.816
calm_crisis_control,مهار آرام بحران,M1,8,1-1-2,840,104400,0.008045977011494253,0.805
calm_crisis_control,مهار آرام بحران,M1,9,1-1-5,840,104400,0.008045977011494253,0.805
calm_crisis_control,مهار آرام بحران,M1,10,2-1-1,837,104400,0.008017241379310345,0.802
calm_crisis_control,مهار آرام بحران,M1+M2,1,2-1-1|5-2-4,42,480,0.0875,8.750
calm_crisis_control,مهار آرام بحران,M1+M2,2,2-1-1|5-5-4,42,480,0.0875,8.750
calm_crisis_control,مهار آرام بحران,M1+M2,3,2-1-2|5-2-4,42,480,0.0875,8.750
calm_crisis_control,مهار آرام بحران,M1+M2,4,2-1-2|5-5-4,42,480,0.0875,8.750
calm_crisis_control,مهار آرام بحران,M1+M2,5,2-1-3|5-2-4,42,480,0.0875,8.750
calm_crisis_control,مهار آرام بحران,M1+M2,6,2-1-3|5-5-4,42,480,0.0875,8.750
calm_crisis_control,مهار آرام بحران,M1+M2,7,2-1-5|5-2-4,42,480,0.0875,8.750
calm_crisis_control,مهار آرام بحران,M1+M2,8,2-1-5|5-5-4,42,480,0.0875,8.750
calm_crisis_control,مهار آرام بحران,M1+M2,9,2-2-2|5-2-4,42,480,0.0875,8.750
calm_crisis_control,مهار آرام بحران,M1+M2,10,2-2-2|5-5-4,42,480,0.0875,8.750
costly_deterrence,بازدارندگی پرهزینه,M1,1,2-4-4,1074,104400,0.01028735632183908,1.029
costly_deterrence,بازدارندگی پرهزینه,M1,2,4-4-4,960,104400,0.009195402298850575,0.920
costly_deterrence,بازدارندگی پرهزینه,M1,3,2-4-3,936,104400,0.00896551724137931,0.897
costly_deterrence,بازدارندگی پرهزینه,M1,4,1-4-4,930,104400,0.008908045977011494,0.891
costly_deterrence,بازدارندگی پرهزینه,M1,5,2-4-5,915,104400,0.008764367816091955,0.876
costly_deterrence,بازدارندگی پرهزینه,M1,6,2-4-2,912,104400,0.008735632183908045,0.874
costly_deterrence,بازدارندگی پرهزینه,M1,7,3-4-4,900,104400,0.008620689655172414,0.862
costly_deterrence,بازدارندگی پرهزینه,M1,8,2-4-1,897,104400,0.008591954022988506,0.859
costly_deterrence,بازدارندگی پرهزینه,M1,9,4-4-3,834,104400,0.007988505747126437,0.799
costly_deterrence,بازدارندگی پرهزینه,M1,10,4-4-5,834,104400,0.007988505747126437,0.799
costly_deterrence,بازدارندگی پرهزینه,M1+M2,1,2-4-4|5-2-4,36,480,0.075,7.500
costly_deterrence,بازدارندگی پرهزینه,M1+M2,2,2-4-4|5-5-4,36,480,0.075,7.500
costly_deterrence,بازدارندگی پرهزینه,M1+M2,3,2-4-3|5-1-4,36,480,0.075,7.500
costly_deterrence,بازدارندگی پرهزینه,M1+M2,4,2-4-3|5-3-4,36,480,0.075,7.500
costly_deterrence,بازدارندگی پرهزینه,M1+M2,5,2-4-4|5-1-4,36,480,0.075,7.500
costly_deterrence,بازدارندگی پرهزینه,M1+M2,6,2-4-4|5-3-4,36,480,0.075,7.500
costly_deterrence,بازدارندگی پرهزینه,M1+M2,7,2-4-4|5-4-4,36,480,0.075,7.500
costly_deterrence,بازدارندگی پرهزینه,M1+M2,8,2-4-1|5-3-4,33,480,0.06875,6.875
costly_deterrence,بازدارندگی پرهزینه,M1+M2,9,2-4-2|5-1-4,33,480,0.06875,6.875
costly_deterrence,بازدارندگی پرهزینه,M1+M2,10,2-4-2|5-3-4,33,480,0.06875,6.875
persistent_ambiguity,ابهام پایدار,M1,1,1-2-1,55956,104400,0.5359770114942529,53.598
persistent_ambiguity,ابهام پایدار,M1,2,1-1-1,55911,104400,0.5355459770114942,53.555
persistent_ambiguity,ابهام پایدار,M1,3,1-2-3,55878,104400,0.5352298850574713,53.523
persistent_ambiguity,ابهام پایدار,M1,4,1-1-3,55854,104400,0.535,53.500
persistent_ambiguity,ابهام پایدار,M1,5,1-2-2,55830,104400,0.5347701149425287,53.477
persistent_ambiguity,ابهام پایدار,M1,6,1-1-2,55800,104400,0.5344827586206896,53.448
persistent_ambiguity,ابهام پایدار,M1,7,1-3-1,55383,104400,0.5304885057471265,53.049
persistent_ambiguity,ابهام پایدار,M1,8,1-3-2,55284,104400,0.5295402298850574,52.954
persistent_ambiguity,ابهام پایدار,M1,9,1-3-3,55281,104400,0.5295114942528736,52.951
persistent_ambiguity,ابهام پایدار,M1,10,1-1-4,55215,104400,0.5288793103448276,52.888
persistent_ambiguity,ابهام پایدار,M1+M2,1,1-1-1|1-1-6,828,1200,0.69,69.000
persistent_ambiguity,ابهام پایدار,M1+M2,2,1-1-1|1-3-6,828,1200,0.69,69.000
persistent_ambiguity,ابهام پایدار,M1+M2,3,1-1-1|1-4-6,828,1200,0.69,69.000
persistent_ambiguity,ابهام پایدار,M1+M2,4,1-1-1|4-1-6,828,1200,0.69,69.000
persistent_ambiguity,ابهام پایدار,M1+M2,5,1-1-1|4-3-6,828,1200,0.69,69.000
persistent_ambiguity,ابهام پایدار,M1+M2,6,1-1-1|4-4-6,828,1200,0.69,69.000
persistent_ambiguity,ابهام پایدار,M1+M2,7,1-1-1|5-1-6,828,1200,0.69,69.000
persistent_ambiguity,ابهام پایدار,M1+M2,8,1-1-1|5-3-6,828,1200,0.69,69.000
persistent_ambiguity,ابهام پایدار,M1+M2,9,1-1-1|5-4-6,828,1200,0.69,69.000
persistent_ambiguity,ابهام پایدار,M1+M2,10,1-1-2|1-1-6,828,1200,0.69,69.000
strategic_information_opportunity,فرصت اطلاعاتی راهبردی,M1,1,4-1-2,29496,104400,0.2825287356321839,28.253
strategic_information_opportunity,فرصت اطلاعاتی راهبردی,M1,2,2-1-5,29445,104400,0.28204022988505745,28.204
strategic_information_opportunity,فرصت اطلاعاتی راهبردی,M1,3,4-2-2,28881,104400,0.27663793103448275,27.664
strategic_information_opportunity,فرصت اطلاعاتی راهبردی,M1,4,4-1-5,28875,104400,0.2765804597701149,27.658
strategic_information_opportunity,فرصت اطلاعاتی راهبردی,M1,5,2-2-5,28803,104400,0.27589080459770116,27.589
strategic_information_opportunity,فرصت اطلاعاتی راهبردی,M1,6,4-2-5,28206,104400,0.27017241379310347,27.017
strategic_information_opportunity,فرصت اطلاعاتی راهبردی,M1,7,2-1-2,28170,104400,0.26982758620689656,26.983
strategic_information_opportunity,فرصت اطلاعاتی راهبردی,M1,8,4-1-1,27870,104400,0.26695402298850573,26.695
strategic_information_opportunity,فرصت اطلاعاتی راهبردی,M1,9,4-1-3,27834,104400,0.2666091954022988,26.661
strategic_information_opportunity,فرصت اطلاعاتی راهبردی,M1,10,3-1-2,27624,104400,0.26459770114942527,26.460
strategic_information_opportunity,فرصت اطلاعاتی راهبردی,M1+M2,1,2-1-2|2-1-6,717,1200,0.5975,59.750
strategic_information_opportunity,فرصت اطلاعاتی راهبردی,M1+M2,2,2-1-2|2-3-6,717,1200,0.5975,59.750
strategic_information_opportunity,فرصت اطلاعاتی راهبردی,M1+M2,3,3-1-2|2-1-6,714,1200,0.595,59.500
strategic_information_opportunity,فرصت اطلاعاتی راهبردی,M1+M2,4,3-1-2|2-3-6,714,1200,0.595,59.500
strategic_information_opportunity,فرصت اطلاعاتی راهبردی,M1+M2,5,4-1-2|2-1-6,714,1200,0.595,59.500
strategic_information_opportunity,فرصت اطلاعاتی راهبردی,M1+M2,6,4-1-2|2-3-6,714,1200,0.595,59.500
strategic_information_opportunity,فرصت اطلاعاتی راهبردی,M1+M2,7,2-1-5|2-1-6,708,1200,0.59,59.000
strategic_information_opportunity,فرصت اطلاعاتی راهبردی,M1+M2,8,2-1-5|2-3-6,708,1200,0.59,59.000
strategic_information_opportunity,فرصت اطلاعاتی راهبردی,M1+M2,9,2-2-2|2-1-6,708,1200,0.59,59.000
strategic_information_opportunity,فرصت اطلاعاتی راهبردی,M1+M2,10,2-2-2|2-3-6,708,1200,0.59,59.000
mixed_crisis_containment,مهار نسبی بحران,M1,1,4-4-1,7848,104400,0.07517241379310345,7.517
mixed_crisis_containment,مهار نسبی بحران,M1,2,4-4-3,7848,104400,0.07517241379310345,7.517
mixed_crisis_containment,مهار نسبی بحران,M1,3,4-4-5,6894,104400,0.06603448275862069,6.603
mixed_crisis_containment,مهار نسبی بحران,M1,4,2-4-5,6810,104400,0.06522988505747127,6.523
mixed_crisis_containment,مهار نسبی بحران,M1,5,3-4-4,6543,104400,0.06267241379310345,6.267
mixed_crisis_containment,مهار نسبی بحران,M1,6,4-4-4,6543,104400,0.06267241379310345,6.267
mixed_crisis_containment,مهار نسبی بحران,M1,7,2-4-4,6507,104400,0.06232758620689655,6.233
mixed_crisis_containment,مهار نسبی بحران,M1,8,4-4-2,6498,104400,0.062241379310344826,6.224
mixed_crisis_containment,مهار نسبی بحران,M1,9,3-3-4,5892,104400,0.0564367816091954,5.644
mixed_crisis_containment,مهار نسبی بحران,M1,10,4-3-4,5892,104400,0.0564367816091954,5.644
mixed_crisis_containment,مهار نسبی بحران,M1+M2,1,2-4-4|2-4-6,432,1200,0.36,36.000
mixed_crisis_containment,مهار نسبی بحران,M1+M2,2,3-4-4|2-4-6,432,1200,0.36,36.000
mixed_crisis_containment,مهار نسبی بحران,M1+M2,3,4-4-4|2-4-6,432,1200,0.36,36.000
mixed_crisis_containment,مهار نسبی بحران,M1+M2,4,3-4-4|2-1-6,390,1200,0.325,32.500
mixed_crisis_containment,مهار نسبی بحران,M1+M2,5,3-4-4|2-3-6,390,1200,0.325,32.500
mixed_crisis_containment,مهار نسبی بحران,M1+M2,6,4-4-4|2-1-6,390,1200,0.325,32.500
mixed_crisis_containment,مهار نسبی بحران,M1+M2,7,4-4-4|2-3-6,390,1200,0.325,32.500
mixed_crisis_containment,مهار نسبی بحران,M1+M2,8,2-4-4|2-1-6,384,1200,0.32,32.000
mixed_crisis_containment,مهار نسبی بحران,M1+M2,9,2-4-4|2-3-6,384,1200,0.32,32.000
mixed_crisis_containment,مهار نسبی بحران,M1+M2,10,3-4-4|2-2-6,363,1200,0.3025,30.250
