end_state,end_state_fa,paths,mean_mission_continuity,mean_situation_awareness,mean_escalation_pressure,mean_operational_readiness,mean_coalition_cohesion,mean_information_exposure,mean_strategic_legitimacy,mean_ssa_capacity,mean_protective_capacity,mean_political_capital,mean_disclosure_budget,mean_metric_mission,mean_metric_information_quality,mean_metric_escalation_control,mean_metric_coalition,mean_metric_resource_sustainability,mean_metric_information_discipline,mean_metric_legitimacy,mean_metric_resilience,mean_metric_reversibility,mean_metric_decision_coherence
escalation_spiral,مارپیچ تشدید,60765,68.27410515921994,60.06650209824735,80.37417921500864,91.22557393236238,70.15897309306344,70.56297210565293,67.34100222167366,77.85884966674895,33.325253023944704,47.443100469019996,54.89548259688966,70.79476672426561,68.08644779066897,19.62582078499136,70.15897309306344,69.7214021229326,43.93986669958035,67.34100222167366,92.38973093063441,51.38518884226117,61.68345264543734
intelligence_failure,شکست اطلاعاتی,648000,80.71296296296296,58.85081481481482,25.94037037037037,79.45648148148148,71.68219907407408,60.035185185185185,66.80444444444444,76.79433333333333,51.70740740740741,52.370370370370374,49.751555555555555,83.72768518518518,62.790814814814816,74.05962962962963,71.68219907407408,75.95595833333333,5.729726851851852,66.80444444444444,83.37685185185185,81.0925925925926,67.68518518518519
coalition_fracture,شکاف ائتلافی,17484,79.08922443376801,54.12234042553192,47.973232669869596,83.70727522306109,30.765271105010296,62.43462594371997,54.35277968428277,79.98009608785175,53.32944406314345,48.29855868222375,55.86890871654084,81.54941660947152,60.353637611530544,54.266986959505836,30.765271105010296,79.2566918325326,15.680679478380233,54.35277968428277,86.50068634179821,72.11461908030199,68.06794783802333
negotiated_deescalation,کاهش تنش مذاکره‌شده,2644704,80.00081672655995,60.08895967185742,10.190661412392464,77.0530690769175,82.09514977857636,44.697511706414026,86.53696822026208,77.52418871828378,55.92756089150242,55.86769029728847,61.7177937493194,83.10126048132419,66.2129569131366,92.57390014156594,82.09514977857636,82.77447116955243,77.12179775127954,86.53696822026208,81.38185596573378,82,65.04737014047697
calm_crisis_control,مهار آرام بحران,41601,86.53558808682483,61.14473209778611,17.93004975841927,74.98305329198817,95.24691714141487,46.15396264512872,84.53623710968486,76.97778899545683,50.813009302660994,53.92925650825701,54.94793394389558,91.50421864859018,66.25037859666836,82.06995024158073,95.24691714141487,79.48186341674479,85.3785245546982,84.53623710968486,82.38032739597605,60.87221461022572,65.00192303069637
costly_deterrence,بازدارندگی پرهزینه,33822,80.83892141209863,61.14289515699841,35.780202235231506,83.52226361539826,93.70755721128259,59.5290047897818,82.95635976583289,76.54523682810006,38.602891609011884,48.60856838744013,51.31763349299273,86.2090651055526,68.13163029980485,64.2197977647685,93.70755721128259,73.33590562355863,80.15203122228135,82.95635976583289,90.71332268937378,59.79776476849388,63.8253207971143
persistent_ambiguity,ابهام پایدار,3261705,77.96391764429953,59.72440364778544,35.884939318546586,79.30406765786606,78.41571601355733,51.18186500618542,77.24459937364047,79.84632485157303,50.740948369027855,53.29806803496944,57.765871223792466,80.94200977709511,65.94467525419988,64.11506068145341,78.41571601355733,79.77720180089861,60.22241373760043,77.24459937364047,83.15361812303688,72.16100659011161,64.99033634249572
strategic_information_opportunity,فرصت اطلاعاتی راهبردی,1353813,77.75856857631003,69.17071338508346,28.9419395440877,75.04058758484369,79.53515293471108,46.310644823177206,83.3378147498953,73.05616359127886,56.33904682552169,53.248631088636316,59.049201034411695,80.898333817152,78.89407695154352,71.0580604559123,79.53515293471108,79.11074276875758,75.3900184146555,83.3378147498953,79.4931316215755,76.02523760667094,65.70118989845717
mixed_crisis_containment,مهار نسبی بحران,290106,72.61154888213274,67.22489710657484,54.95538871998511,83.56229447167587,83.14609832268205,59.32937271204318,83.7615250977229,65.84000330913528,44.16557051560464,51.141134619759676,56.07219085437737,75.42472751339166,79.80871129862878,45.04461128001489,83.14609832268205,71.43986680730491,71.77594051829331,83.7615250977229,86.42986701412588,64.901460155943,64.32610838796853
