end_state,end_state_fa,count,share
escalation_spiral,مارپیچ تشدید,306435,0.00733800
intelligence_failure,شکست اطلاعاتی,4165440,0.09974713
coalition_fracture,شکاف ائتلافی,84516,0.00202385
negotiated_deescalation,کاهش تنش مذاکره‌شده,14144928,0.33871954
calm_crisis_control,مهار آرام بحران,295017,0.00706458
costly_deterrence,بازدارندگی پرهزینه,196059,0.00469490
persistent_ambiguity,ابهام پایدار,16266582,0.38952543
strategic_information_opportunity,فرصت اطلاعاتی راهبردی,5269572,0.12618707
mixed_crisis_containment,مهار نسبی بحران,1031451,0.02469950
