end_state,end_state_fa,world,intent,signature,incidentCause,trueIncidentAttribution,redFinalAction,mission,escalation,coalition,informationQuality,systemAttributionConfidence
negotiated_deescalation,کاهش تنش مذاکره‌شده,0,probe,1-1-1|1-1-1|1-4-1|O1,mixed_cause,mixed,accept_interim_offramp,79,0,74,59,23
negotiated_deescalation,کاهش تنش مذاکره‌شده,0,probe,1-1-1|1-1-1|1-4-1|O2,mixed_cause,mixed,accept_interim_offramp,79,0,74,59,23
negotiated_deescalation,کاهش تنش مذاکره‌شده,0,probe,1-1-1|1-1-1|1-4-1|O3,mixed_cause,mixed,accept_interim_offramp,79,0,74,59,23
negotiated_deescalation,کاهش تنش مذاکره‌شده,0,probe,1-1-1|1-1-1|1-4-1|O4,mixed_cause,mixed,accept_interim_offramp,79,0,74,59,23
negotiated_deescalation,کاهش تنش مذاکره‌شده,0,probe,1-1-1|1-1-1|1-4-2|O1,mixed_cause,mixed,accept_interim_offramp,79,0,82,59,23
negotiated_deescalation,کاهش تنش مذاکره‌شده,0,probe,1-1-1|1-1-1|1-4-2|O2,mixed_cause,mixed,accept_interim_offramp,79,0,82,59,23
negotiated_deescalation,کاهش تنش مذاکره‌شده,0,probe,1-1-1|1-1-1|1-4-2|O3,mixed_cause,mixed,accept_interim_offramp,79,0,82,59,23
negotiated_deescalation,کاهش تنش مذاکره‌شده,0,probe,1-1-1|1-1-1|1-4-2|O4,mixed_cause,mixed,accept_interim_offramp,79,0,82,59,23
negotiated_deescalation,کاهش تنش مذاکره‌شده,0,probe,1-1-1|1-1-1|1-4-3|O1,mixed_cause,mixed,accept_interim_offramp,79,0,76,59,23
negotiated_deescalation,کاهش تنش مذاکره‌شده,0,probe,1-1-1|1-1-1|1-4-3|O2,mixed_cause,mixed,accept_interim_offramp,79,0,76,59,23
negotiated_deescalation,کاهش تنش مذاکره‌شده,0,probe,1-1-1|1-1-1|1-4-3|O3,mixed_cause,mixed,accept_interim_offramp,79,0,76,59,23
negotiated_deescalation,کاهش تنش مذاکره‌شده,0,probe,1-1-1|1-1-1|1-4-3|O4,mixed_cause,mixed,accept_interim_offramp,79,4,76,59,23
negotiated_deescalation,کاهش تنش مذاکره‌شده,0,probe,1-1-1|1-1-1|1-4-4|O1,mixed_cause,mixed,accept_interim_offramp,79,2,65,59,23
negotiated_deescalation,کاهش تنش مذاکره‌شده,0,probe,1-1-1|1-1-1|1-4-4|O2,mixed_cause,mixed,accept_interim_offramp,79,5,65,59,23
negotiated_deescalation,کاهش تنش مذاکره‌شده,0,probe,1-1-1|1-1-1|1-4-4|O3,mixed_cause,mixed,accept_interim_offramp,79,7,65,59,23
negotiated_deescalation,کاهش تنش مذاکره‌شده,0,probe,1-1-1|1-1-1|1-4-4|O4,mixed_cause,mixed,accept_interim_offramp,79,12,65,59,23
negotiated_deescalation,کاهش تنش مذاکره‌شده,0,probe,1-1-1|1-1-1|2-4-1|O1,mixed_cause,mixed,accept_interim_offramp,79,0,74,59,23
negotiated_deescalation,کاهش تنش مذاکره‌شده,0,probe,1-1-1|1-1-1|2-4-1|O2,mixed_cause,mixed,accept_interim_offramp,79,0,74,59,23
negotiated_deescalation,کاهش تنش مذاکره‌شده,0,probe,1-1-1|1-1-1|2-4-1|O3,mixed_cause,mixed,accept_interim_offramp,79,0,74,59,23
negotiated_deescalation,کاهش تنش مذاکره‌شده,0,probe,1-1-1|1-1-1|2-4-1|O4,mixed_cause,mixed,accept_interim_offramp,79,0,74,59,23
persistent_ambiguity,ابهام پایدار,0,probe,1-1-1|1-1-1|1-1-1|O-,mixed_cause,mixed,maintain_ambiguous_pressure,75,22,71,66,23
persistent_ambiguity,ابهام پایدار,0,probe,1-1-1|1-1-1|1-1-2|O-,mixed_cause,mixed,maintain_ambiguous_pressure,75,22,79,66,23
persistent_ambiguity,ابهام پایدار,0,probe,1-1-1|1-1-1|1-1-3|O-,mixed_cause,mixed,deny_and_hold,79,19,73,66,23
persistent_ambiguity,ابهام پایدار,0,probe,1-1-1|1-1-1|1-1-4|O-,mixed_cause,mixed,deny_and_hold,79,25,65,66,23
persistent_ambiguity,ابهام پایدار,0,probe,1-1-1|1-1-1|1-2-1|O-,mixed_cause,mixed,maintain_ambiguous_pressure,77,31,71,59,23
persistent_ambiguity,ابهام پایدار,0,probe,1-1-1|1-1-1|1-2-2|O-,mixed_cause,mixed,maintain_ambiguous_pressure,77,31,79,59,23
persistent_ambiguity,ابهام پایدار,0,probe,1-1-1|1-1-1|1-2-3|O-,mixed_cause,mixed,deny_and_hold,81,28,73,59,23
persistent_ambiguity,ابهام پایدار,0,probe,1-1-1|1-1-1|1-2-4|O-,mixed_cause,mixed,deny_and_hold,81,34,65,59,23
persistent_ambiguity,ابهام پایدار,0,probe,1-1-1|1-1-1|1-3-1|O-,mixed_cause,mixed,maintain_ambiguous_pressure,76,31,89,59,23
persistent_ambiguity,ابهام پایدار,0,probe,1-1-1|1-1-1|1-3-2|O-,mixed_cause,mixed,maintain_ambiguous_pressure,76,31,97,59,23
persistent_ambiguity,ابهام پایدار,0,probe,1-1-1|1-1-1|1-3-3|O-,mixed_cause,mixed,deny_and_hold,80,28,91,59,23
persistent_ambiguity,ابهام پایدار,0,probe,1-1-1|1-1-1|1-3-4|O-,mixed_cause,mixed,deny_and_hold,80,34,77,59,23
persistent_ambiguity,ابهام پایدار,0,probe,1-1-1|1-1-1|1-5-1|O-,mixed_cause,mixed,maintain_ambiguous_pressure,76,40,71,59,23
persistent_ambiguity,ابهام پایدار,0,probe,1-1-1|1-1-1|1-5-2|O-,mixed_cause,mixed,maintain_ambiguous_pressure,76,40,79,59,23
persistent_ambiguity,ابهام پایدار,0,probe,1-1-1|1-1-1|1-5-3|O-,mixed_cause,mixed,deny_and_hold,80,37,73,59,23
persistent_ambiguity,ابهام پایدار,0,probe,1-1-1|1-1-1|1-5-4|O-,mixed_cause,mixed,deny_and_hold,80,43,65,59,23
persistent_ambiguity,ابهام پایدار,0,probe,1-1-1|1-1-1|2-1-1|O-,mixed_cause,mixed,maintain_ambiguous_pressure,75,22,71,66,23
persistent_ambiguity,ابهام پایدار,0,probe,1-1-1|1-1-1|2-1-2|O-,mixed_cause,mixed,maintain_ambiguous_pressure,75,22,79,66,23
persistent_ambiguity,ابهام پایدار,0,probe,1-1-1|1-1-1|2-1-3|O-,mixed_cause,mixed,deny_and_hold,79,19,73,66,23
persistent_ambiguity,ابهام پایدار,0,probe,1-1-1|1-1-1|2-1-4|O-,mixed_cause,mixed,deny_and_hold,79,25,65,66,23
